layer,n_pairs,mean_delta_mlp,mean_delta_attn_total,mean_delta_head_0,head_0_ci_low,head_0_ci_high,mean_delta_head_1,head_1_ci_low,head_1_ci_high,mean_delta_head_2,head_2_ci_low,head_2_ci_high,mean_delta_head_3,head_3_ci_low,head_3_ci_high,mean_delta_head_4,head_4_ci_low,head_4_ci_high,mean_delta_head_5,head_5_ci_low,head_5_ci_high,mean_delta_head_6,head_6_ci_low,head_6_ci_high,mean_delta_head_7,head_7_ci_low,head_7_ci_high,mean_delta_head_8,head_8_ci_low,head_8_ci_high,mean_delta_head_9,head_9_ci_low,head_9_ci_high,mean_delta_head_10,head_10_ci_low,head_10_ci_high,mean_delta_head_11,head_11_ci_low,head_11_ci_high,mean_delta_head_12,head_12_ci_low,head_12_ci_high,mean_delta_head_13,head_13_ci_low,head_13_ci_high,mean_delta_head_14,head_14_ci_low,head_14_ci_high,mean_delta_head_15,head_15_ci_low,head_15_ci_high,mean_delta_head_16,head_16_ci_low,head_16_ci_high,mean_delta_head_17,head_17_ci_low,head_17_ci_high,mean_delta_head_18,head_18_ci_low,head_18_ci_high,mean_delta_head_19,head_19_ci_low,head_19_ci_high,mean_delta_head_20,head_20_ci_low,head_20_ci_high,mean_delta_head_21,head_21_ci_low,head_21_ci_high,mean_delta_head_22,head_22_ci_low,head_22_ci_high,mean_delta_head_23,head_23_ci_low,head_23_ci_high,mean_delta_head_24,head_24_ci_low,head_24_ci_high,mean_delta_head_25,head_25_ci_low,head_25_ci_high,mean_delta_head_26,head_26_ci_low,head_26_ci_high,mean_delta_head_27,head_27_ci_low,head_27_ci_high,mean_delta_head_28,head_28_ci_low,head_28_ci_high,mean_delta_head_29,head_29_ci_low,head_29_ci_high,mean_delta_head_30,head_30_ci_low,head_30_ci_high,mean_delta_head_31,head_31_ci_low,head_31_ci_high
0,120,-0.0016773798735812307,0.0007982537126129803,-1.5949654819754263e-05,-0.00041135681480227506,0.00033684709342196595,6.796138865562776e-05,-0.0001767776799291217,0.0002785461359114076,0.0004215196745159725,0.00023216578139302632,0.000662493642012123,-0.00020768016499156754,-0.00045380485292601707,3.519863385008649e-05,0.00011485192383891748,-4.399301626714684e-05,0.00025911233485203416,-6.387346220435575e-05,-0.000179983510273208,6.325545779570048e-05,0.00013074457068190288,7.955280780151954e-06,0.0002588793042559701,-1.5709362924098968e-05,-0.00033329053095561295,0.0002905226789516746,0.00022502965681875747,2.9396716139065876e-05,0.00042501015079324136,0.00013303343633500238,2.4673294683452716e-06,0.0002610055977129378,0.00024254796444438397,7.211247337788033e-05,0.0004051878373138608,-0.00022861796508853635,-0.0003762915193995772,-8.473671089935426e-05,9.223916955913107e-05,-6.466581718996166e-05,0.00024214523989940062,2.2014059747258823e-05,-0.0001301769004203379,0.00014706059300806373,-7.934837194625288e-05,-0.0002127916764159939,6.903540763839073e-05,0.000122440259049957,3.269490936266569e-05,0.00020591832993280458,-7.39738970878534e-05,-0.00014857907649760212,2.8470115260764376e-05,9.492243940864379e-05,-5.6881337259255814e-05,0.0002448118101650229,8.281284438756605e-06,-5.383263065596111e-05,7.908420501432071e-05,-0.0003175563634916519,-0.0004757319617541119,-0.00018498868824584248,-9.542892366880551e-05,-0.00019947182981316778,2.1896658448288997e-05,-7.134675494550417e-06,-0.00010037008560175309,9.825933746469686e-05,6.236888778706391e-05,-4.922748771302092e-05,0.00019010620577319064,-1.3748698377942976e-05,-0.00010043468842316844,8.17019972146227e-05,0.00019238369714003056,2.088143951065528e-05,0.00042569270806173644,-3.263679100200534e-05,-0.00031028182301573296,0.0002027762418098671,-8.586920691110815e-05,-0.00025481168881621367,5.80477340554354e-05,0.00022995842155069113,-0.00027053500302523997,0.0007189408342189083,4.647508588580725e-05,-5.347633674925115e-05,0.000132671812280023,-0.00019630178309550198,-0.00047193324404361193,8.813082658889471e-05,-4.7292059753090145e-05,-0.00018521715479437263,5.580523606719604e-05,7.260317361215129e-05,-1.382805812075579e-05,0.0001680102065074607
1,120,0.0003006076867071291,0.00017016626940555095,-0.00016954937564150896,-0.00029593217876026755,-2.000132855755509e-05,0.00025849782638639833,-6.400220469610449e-06,0.0004412247715784664,0.00019269775754461685,5.096811405868115e-05,0.0003522642754251138,0.00010176887541698912,-0.0006838097784202545,0.0008735862304941595,-0.0025294409084987515,-0.004186565476872298,-0.0009130391897391138,-6.710007534517596e-05,-0.00027514702858752574,0.00016192217721254572,-0.00021142023712551842,-0.00037589103031981117,-8.796134413084168e-05,-0.0002754945589307075,-0.0005360151095616553,-8.698725796421016e-06,-0.00042595825216267257,-0.0006698773881847349,-0.00018608837364202674,0.0005685979481010388,3.658880377770406e-06,0.0012107130512595179,0.00010603998380247504,-0.00036992491339333356,0.0005738932196982205,0.0015545517924086501,0.0006943129226177309,0.0025590706018313843,-0.00024536207977992794,-0.0008976708868673692,0.0003551730414134607,0.00032032790574400375,2.671758402357228e-05,0.0006056191138607877,0.00032141868869075554,2.5967393133517667e-05,0.000539250371111848,0.00020118266887341935,-0.0007943940788391046,0.0010749934836348984,-5.8278052407937744e-05,-0.0003712300455784619,0.00030469389223677993,-6.049815953398744e-05,-0.0005150884279767827,0.00038184153080995546,-0.0007298390293726698,-0.0011063604480295909,-0.0002939474488569732,-0.00015191646525636315,-0.0003838742913406653,9.495800167011723e-05,0.00038086933151741203,0.00018062813531287249,0.0006053362029463945,0.00022817372640323205,-7.088061782269506e-05,0.0005567178732599134,0.0003934101143386215,4.544868429851098e-05,0.0007394345320547776,-0.0003955844324082136,-0.001041324156152162,0.0004875832237788321,0.00014284910988256647,-0.00026756128476336017,0.0004933218034724027,0.00014048539063272377,-0.0003341714420093922,0.0005586655199052379,0.0006660956869988392,6.074503905741343e-05,0.0012909814053515827,4.787727909085031e-05,-0.0003293013339619695,0.0003864921818725028,-0.0002683415635450122,-0.000510852645165869,-3.8995713560628555e-05,-7.744973117951304e-06,-0.00047019212343002437,0.00036912149428341463,1.8711512287457783e-05,-0.00015508505664911352,0.0001596517484237363,0.00012313883441189926,-2.7747281322566165e-05,0.0003055211413447978
2,120,-0.0009537864321221908,0.008636726715970629,-1.3542594388127326e-07,-0.0004178836732777806,0.0003732833184161185,0.000395917357915702,-0.0002058479840585884,0.0009339794188175195,0.00019334135176904966,-0.00015563485019204866,0.0005108105862927914,0.003729747528753554,0.0023151637996488717,0.005013465324688393,5.701034921609486e-05,-0.00038187471680430464,0.00042407420038216516,-3.663441263294468e-05,-0.00021273891921737233,0.00013848621463694144,0.00011052007345521511,-0.000229971859134821,0.00040757903367799977,0.0005887100705876946,-0.00019945483814808536,0.001351315264182631,-0.0005831739380179594,-0.0013384387717330051,0.0001475040745572188,-3.644715179689229e-05,-0.0007717194080760236,0.0006700746108253956,0.0001014525104740945,-0.0002610151686167228,0.00042835269763600095,-0.00010410948695304493,-0.0007449535361471741,0.0005222330559627156,0.0014606180739065167,0.0007071444335451816,0.002156504999020399,-4.822302047008028e-05,-0.0004185524488275405,0.0002962021835022218,-0.0009329930040015218,-0.0013717940529871459,-0.0005565130532947174,0.0003311737886785219,-0.00011184127967377813,0.0006956687447867203,0.00044195856704997517,-2.5137180782621722e-05,0.0008025330154972231,-0.00027344664364742735,-0.000630549804433637,5.0960734176139046e-05,7.439775314802925e-05,-0.00034004428214151025,0.0004109784193982099,0.0006401712238584878,0.0001914873478987526,0.0010343371894911495,5.0609829486347735e-05,-0.00024143127309798727,0.00032549889925576297,4.437115154966402e-05,-0.0002640705911471741,0.0003783854080453848,0.00012708800204563886,-0.0002785461905295961,0.000490814461033248,-0.00017519606626592577,-0.0005538257232789571,0.00016617152062584257,-8.968024728043626e-06,-0.0003663611576121184,0.00023520653706024557,0.0008495962242401826,0.00047724559123404713,0.001270268156695238,0.000774567519450405,0.0004574767101197116,0.001129402683339625,-0.00012729846639558673,-0.0006345441830732549,0.00030272670099899807,2.817443407063062e-05,-0.00019448183786153095,0.00026281440616003247,0.0002901520172599703,-3.5932205185720995e-05,0.0007198967049528924,0.00047239004731333505,0.0001165824046135337,0.0008187309205944377,0.00020138448259482782,-0.00013164796022465455,0.0005217166281848529
3,120,-0.0034231800120323895,0.01296306369137407,-6.969754952782145e-05,-0.0002748506140051177,0.00010515005245300327,-0.00048202001101647814,-0.000920722655961678,-2.0242664419735054e-05,0.0007338205294217914,9.976518088175606e-05,0.0014385069042812879,0.0005132001329911873,0.00013173708614582817,0.000898580048766841,0.00037312947776323803,4.8379160604478486e-05,0.0007185857242438946,0.00026124349193802724,1.569239951398535e-05,0.0005738447787977446,0.0003188005085879316,0.00014401203237260539,0.0005107697662363838,-0.0007296021857958597,-0.0009790210591139232,-0.00047307582770978704,0.0004980353609425947,0.00018123133083766636,0.0008517245862215835,-0.0007063578135178735,-0.0012077747208725973,-0.0002806354917508234,-0.00048417029611300675,-0.0010941918227763382,0.0001297094475739871,0.009832490790480127,0.005672069188537232,0.013308181166648867,-5.592999514192343e-05,-0.00019682581080511833,0.00010941235724506746,0.00011245686012747076,-4.290146322697788e-05,0.0002962936198552296,-7.723310724638092e-05,-0.00017414289686712436,5.0249305774438355e-05,5.5068836081773044e-05,-9.082873750836976e-05,0.00019735515665767405,0.0005054736403205122,9.179620666448803e-05,0.000883252274434199,-0.00011420636825884381,-0.00048268161973586153,0.0002262807887988554,0.00016424751956947147,-0.00019241796876788914,0.0005778090618575032,0.0001448690488662881,-0.0002228494719141357,0.0005459753730368297,0.0002845562761649489,-0.000633839256867456,0.0010387649033994726,-0.000257650994656918,-0.0007314060250791954,0.00021047283145890115,0.00030948175117373466,-1.3048907373255731e-05,0.0006738502876153993,0.0003062653423209364,-5.607338350576658e-05,0.0006634602941145812,-0.0003385580256387281,-0.0006112954993659513,-3.550309533845082e-05,-0.001200352869151781,-0.002020799431823737,-0.00044640136155067007,3.9298602496273814e-05,-0.0005046847989675976,0.000550761461684791,0.001894873462151736,0.000318443560487746,0.00326339919284995,-0.00034053142298944293,-0.0007334865034984735,9.908077093617545e-06,0.0008170384506229311,0.00010637292551109568,0.0015992803338546462,0.0001840566134584757,-1.1642551059291378e-05,0.0003628650306806473,0.00047096763494967794,0.00020175423904826554,0.0007695758900808869
4,120,-0.012432703049853444,0.006832468397381793,-0.00011173731885113132,-0.0004562595808177624,0.0001697492426380148,0.0016185202138634244,0.0007955924189263897,0.0024009967172120626,0.0005235138485052933,0.00012359354169651246,0.0008860912448532571,0.0017991149409984548,0.0009411781698387738,0.002737386181567369,-0.00019459361161959046,-0.0006938102258936852,0.00036044355592215066,-0.0010642228454040984,-0.0018034227602765894,-0.00039549817884108033,0.0007977689131318281,0.0003141970023959099,0.0014337443913245808,5.954104514482121e-05,-0.00022762865752156357,0.0003419763073785968,-0.00033676455883930125,-0.0007895826350068091,2.232742597698236e-05,0.0002627220538367207,-2.2092466654915662e-05,0.0005579082521338327,-0.00016927526254827778,-0.0019797328393906357,0.0013826379103314445,-0.00032738009613240136,-0.000648905739581096,4.792954157892386e-05,-3.0759301929113765e-05,-0.0005237529438454657,0.0005094327336701099,-0.00013874201686121524,-0.0013203320460646259,0.0010706453450256962,0.0004181090533772173,6.443109358466852e-05,0.0007755829132778069,0.00010318382701370865,-0.00026786861965471566,0.0005622368443922219,0.0014925989225351563,0.0003191574617327812,0.002820478785482313,0.00048294809724514686,-0.00014020219173592824,0.0011446517193689943,0.0008258528968629737,4.718604080456619e-05,0.001788030348252505,-0.0004982562968507409,-0.0015971026414384444,0.0005549162961445594,0.00012197143078083173,-0.00021480278119270224,0.0005118729321839055,0.0023966242491345233,0.0007074820031508958,0.004062222208570651,0.002000826523484041,0.0010702042545744916,0.0028828960194126315,-0.0007973475857094551,-0.0013053203399613267,-0.00030103360285769034,1.688602496869862e-05,-0.0001858251977319014,0.00026694684638641777,-9.783542967246224e-05,-0.0005422810893651331,0.00036391522968187945,-0.00032919140794547276,-0.0005478835630977604,-7.751218130579218e-05,-0.00011722417330020107,-0.00034311251708762333,0.00013816857657123673,-0.0009399987291544675,-0.0018839058070928636,0.000142093253040609,-0.00040069838093283275,-0.001297877569498572,0.00027017604836146355,-0.0004041595171050479,-0.000979907344202123,0.0001489331942866558,-0.00012952711064523708,-0.0009160639943972152,0.0006143804302943567
5,120,0.011755164231484134,0.007854190645351386,-0.0025552849556940297,-0.0035898941299334786,-0.0015454202224888527,-0.00012854978170556325,-0.0007651921204524114,0.0004653005611908158,0.0008023045472024629,-0.0012166937507572585,0.0026557906352779057,0.00024240385779800516,-0.00047587032779119906,0.0009679312272540605,2.282518350208799e-06,-0.00031310002799727954,0.0002781070282799192,0.0027578949346207084,0.001871064238269658,0.003663757893834069,0.0004602689635551845,-0.00010599923853684837,0.000979606057832522,-3.141862495491902e-05,-0.0006359513429924845,0.0006032758535972488,-0.0003337692954422285,-0.0009326226415578276,0.00016244979919671743,0.00013756203503968815,-0.0005859945245659521,0.0007824126293659599,0.0003667830217940112,-0.0003978668090955277,0.001054275187246579,0.0005599926007562317,6.087733766131957e-05,0.0010176215228905978,2.0203448366373776e-05,-0.0003830581285486308,0.0004001023665477989,-0.0003363946976605803,-0.0007380394986345588,7.204852653861363e-05,-0.0008839227783028036,-0.0013482066691115808,-0.0005399318062215267,0.0005112112625890101,-2.145937682750322e-05,0.0009487382554652872,0.00015757997268034767,-0.0002486745271744439,0.00048213528777220447,0.001358412023788939,0.0006809142882896898,0.0021874339487597655,0.0012503314656593526,0.0004122378455698102,0.0020342690895389145,-0.0003815863941175242,-0.0006554098142320678,-8.983172342899085e-05,0.0010440011547567943,-0.00034484598155055815,0.002951947789018353,0.002076795503186683,0.0006902799961001923,0.0033438848579923314,0.0020108057574058573,0.0013971831473463682,0.002723393035315288,-0.00025021534820552916,-0.0007649928957107477,0.00033919121027186825,0.00028711565440365426,-0.00011781192920655788,0.0006812885324325183,0.0003841834749133947,-0.0001419176334578272,0.0008835583280597349,-0.0004244315564089144,-0.001013698006887959,5.912015865760646e-05,0.00015966796102778364,-0.0003549350104488743,0.0006685177855251823,-0.001322870849010845,-0.001837543256721498,-0.0007945062015884711,0.001128283646539785,-0.0007983140378443447,0.0030380535603762838,-0.0011969225131906569,-0.002469664783857297,0.0001606612619555867,-1.8526364389496545e-05,-0.0015939158286103821,0.0013767134371785999
6,120,-0.006146361756448945,0.0030717591895760656,0.0034124479105230423,0.002004977820373218,0.004837281277577859,0.006081301429852222,0.0050181056884563684,0.007600248697175024,-0.0018944580195238813,-0.002636215866708274,-0.0010149511886993422,0.0007916294309931497,-0.0009330788789278207,0.0026439491211203863,0.001186688042556246,0.0005818547930296821,0.0018279013016338772,-0.002678065161065509,-0.003889970816283797,-0.0016693558429445446,0.00046231277810875325,-0.0002204654375721778,0.0011708038152573863,-0.0005050369538366795,-0.0014619142088243583,0.00039375028606931066,-0.0007538051325051735,-0.001574369634327013,-1.1732956190825963e-05,-0.0001032277369328464,-0.0012777209164050874,0.0007971002860479833,-0.004152321642807996,-0.00508298926758774,-0.003344339589809048,0.0003648586959267656,-0.00039849118581817796,0.0010635886927047983,-0.0012129058940142082,-0.0019805217249449923,-0.0006315917248745487,-0.0005510248360224068,-0.0012997347183894212,0.00010962260217638698,0.0004958441869045298,-0.00023819256840700587,0.0013015582015699094,0.0021143672114703805,0.001447346314113626,0.002825430562831268,0.0011308031195464234,0.00028644972813102263,0.0019430677287406676,0.0007884494727477432,-0.0004655882628867402,0.0017309593217214574,-0.0021297620395974567,-0.003721183738768256,-0.0005353467952712278,0.000168659002520144,-0.00048017532496790713,0.0009507803165858303,0.002000726720628639,0.0007794263951169948,0.003065049762565953,0.0015218018078788495,0.0006366247377930752,0.0022156421092707507,-0.0014384211167149867,-0.0019332582058996194,-0.0009601316789727809,-0.00034608389250934124,-0.0011811157556561134,0.00047480828051144877,-0.00148501603010421,-0.0021224351131240837,-0.0008355426209891448,-0.0012115127533130969,-0.0018050099496273713,-0.0005898941006307723,-0.003207470119620363,-0.004439652626169846,-0.0020358258197666146,0.0010826394543983042,0.00032053623154448965,0.001710413708594085,-0.0025477166539834193,-0.003196064375127511,-0.0016552869150958335,0.004164619410100083,0.003228365211301328,0.005206107633372692,-0.0006197034400732567,-0.0011277157468915296,-0.0001601188571900517,0.002141141938045621,0.001291024254654379,0.003286529280788576
7,120,-0.009818314279740056,-0.00013893521560627656,0.00019323438755236566,4.048638065190365e-05,0.00035317424854535296,-0.0011295304235924657,-0.0014486220069860184,-0.0007602572866016999,-0.0006783622511041661,-0.002269561710127164,0.0010241529004027445,-0.0018170050461776555,-0.0028010869125622167,-0.0006915295035772334,-3.699938630840431e-05,-0.00013252055970951914,8.410005020171714e-05,-3.041599993593991e-05,-0.00015221123879503767,9.540110874998697e-05,7.43853612220846e-05,-8.0264746126583e-05,0.00020987996776966614,-0.000365035423116448,-0.0005134235978524278,-0.00019859442227849891,-0.0005692492588423193,-0.001557580439839512,0.0004013015489908869,-0.0014337292484318217,-0.0038699958390013005,0.0010339459165697926,-0.000906523239488403,-0.002992104263588165,0.0010644379056369267,0.0036983765273665386,0.0022411820113969346,0.005089210927253589,0.00023463299924818178,-0.0002967473692842759,0.0007943000711384233,0.00035676851257449016,5.1509638360585086e-05,0.0006233403945346557,-1.729220481744657e-05,-0.00029159491539758163,0.00028527096311639405,0.00036386425296465555,-0.002280881944655751,0.002863684487917152,1.0961625715329622e-05,-9.746664774259747e-05,0.0001252281314918946,0.00010345385332281391,1.574102784312951e-05,0.0001689585812467461,-0.000169907650949123,-0.0006055176226072945,0.0003502172745841866,0.00015680728271642388,7.105656680020427e-05,0.0002462337086217303,0.0005612106828872736,0.00017309339617592437,0.0009539818726140462,-0.00017169243656098843,-0.0006988975618393549,0.0004939720469216507,0.00014921265101293103,6.648499194852775e-05,0.00024978171601105717,0.00010604514779212574,8.42436517511184e-07,0.00019332503764114034,0.0003887676750309765,-0.00020273771292219557,0.0010786932541426116,1.3799173757433891e-05,-9.025276898076603e-05,0.00011536438202407833,0.0011770757477885733,3.776715796751629e-07,0.002301998641002381,-8.564748083396504e-05,-0.0003033307905085773,0.00011407539226638621,5.9999407919046156e-05,-0.00016464841552685054,0.00024847233026472775,0.0022523457223239045,0.0017461513716261834,0.002731866220007457,-0.0029579249676316977,-0.003714285406798202,-0.0021461849656770936,0.0003294387909894188,-0.00033836198126664386,0.0010056454011161504
8,120,-0.009644936071708798,-0.0008593834420025815,0.0002308000228367746,-0.0005003851333943506,0.0009026163231465034,-0.00031307802031127117,-0.0010533929263571431,0.000384682680887636,-0.0002662310895781654,-0.0005971335317129464,5.719516884710188e-06,0.003122669361376514,0.001046423646621406,0.005057774958841037,-0.0005944202886894346,-0.0014492228854214772,0.0002286817081039773,0.001226774463430047,0.0005211813755643866,0.0019478212809190155,0.0006707355612888932,-0.0018271117996967708,0.0030404690309660514,-0.0012323766015470028,-0.0023518419112466896,-7.47747598992032e-05,0.0008322723054637512,-0.00036411097001594795,0.001954543477428767,-0.00010387420673699429,-0.0003094733757704186,0.00011723812536123056,0.0004304500122088939,0.00025483741400724586,0.0006494611427478958,-0.0016540998835504676,-0.002456581921966669,-0.0008135944498402143,0.0001837836862250697,-1.8595948064709465e-05,0.0003920822308828065,-0.00034409172755355634,-0.0007804381612610693,9.541829504693591e-05,-0.00010611426696414128,-0.00024107259495697992,6.610326180331568e-05,0.0004041415173560381,4.5297889494880424e-05,0.0007586276036939429,-5.3614251858865224e-05,-0.0001602979583549313,4.7040542704053264e-05,-0.00023559120406086247,-0.0004372406053274366,-3.667619948828358e-05,0.0003296881511535806,0.00015249224086195075,0.0005085575998600689,-0.00013219190974875044,-0.0003771713991833773,0.00016643247879983392,-4.7627373229867466e-05,-0.00025509138771061165,0.00010164432895786985,0.0002879375320238372,-8.095611497992649e-05,0.0006293016349081882,-0.00027978364766264956,-0.00039089760551481355,-0.00017633890788905165,0.0002619621305105587,4.0970024225922926e-05,0.0004431874496610059,0.0006570106381938482,-0.0008471590691381909,0.0022721374022997543,-0.0033202572725713254,-0.005089290887796476,-0.0014115229906747114,-0.0007605016891223689,-0.0015265512837019438,0.00018524085166670077,0.0004731352014156679,-8.892492924739295e-05,0.0010107188959470174,-0.0007830539427231998,-0.0013531700072538417,-6.70466214069159e-05,-0.0005692522478057072,-0.001030685860532685,4.522683178947775e-05,0.0010819982164927448,0.00031650685523345603,0.0018811856615987685,-0.00025658261826417097,-0.0005300772221865676,8.708808888817058e-05
9,120,-0.023911352486660084,-0.003039598377896861,6.940775201655925e-05,-0.00034724697533723275,0.0005557732841892481,-0.0007298178932008644,-0.0014307858401055758,-2.3678059806115748e-05,0.00021690495001773039,-0.0012822987492351482,0.0021738316142000265,-0.0013482149573974312,-0.0021544503717450423,-0.0006119427533121776,-0.0016321317564385633,-0.0022753519481436037,-0.0010189063195139168,-6.116359145380557e-07,-0.00013598919430175252,0.00012732279799820392,-5.5835666717030105e-05,-0.00018609180064231624,9.911270386510296e-05,-0.00040639689250383527,-0.0005475356242459384,-0.0002587757418586988,0.00024226197419920936,0.00017418670075736978,0.00030334441589729977,1.873168657766655e-05,-7.433928750591198e-05,0.00013176019850410134,-6.900965017848648e-05,-0.0001149908637307817,-2.674434096358405e-05,-1.8110226180093983e-05,-9.77153763960814e-05,7.43653786291058e-05,0.001110184472054243,-0.006553156492688382,0.0064711534949795655,0.0013558072202916568,-0.00031149320469315477,0.003094476716238812,0.0003040398315836986,-0.0004297614614915801,0.0011369367151201006,-0.003476697951555252,-0.0051121914509955485,-0.0017886201991738437,0.0005232723953668029,0.0002026210859185085,0.0008531948250310963,-0.0003071870761535441,-0.0006145626106202447,1.2196165795709731e-05,-0.0007578815702193727,-0.0011006922447510685,-0.00047081596824379327,0.00013587121502496303,-1.5212779447513942e-05,0.00029492106477846397,0.0010294767989156147,0.00034400678021484054,0.0016593412461710008,-0.000495257368311286,-0.0035707750109334785,0.0021043756142413877,-7.047466448663423e-05,-0.0009573078011453618,0.0007122141082072633,0.0002867501927539706,-0.0009356208846050624,0.0014027849683770912,-1.6286969184875488e-05,-0.00013915195350515811,0.00012692525951327603,0.0001200487487949431,-9.884307679991857e-05,0.0003180654564979098,8.795032626949251e-05,1.3406287180259824e-05,0.00016544224466391217,0.0005697864233904208,-0.00024235632920560114,0.0012869981529850824,6.102041418974598e-05,-3.332003491474704e-05,0.00015969917312759211,0.0001067867012655673,-9.308743507669228e-06,0.00024243255013061573,1.3560736260842531e-05,-3.3085511871225506e-05,6.86656136288851e-05,9.245406157181909e-05,4.753146978449271e-05,0.00014198672456283625
10,120,0.0875183703067402,-0.017708775128994603,8.374279908215006e-05,-0.00019006510109951098,0.0005082272184275403,0.0008549588072734575,0.00040037245004593083,0.0013476776777921868,0.0006368202118513485,-0.0005956838572941099,0.001941743457864505,-2.4350204815467197e-07,-0.0005157620297783675,0.00043099961767438803,-0.00011045622328917185,-0.00297314862778876,0.003240101013798267,0.0007934756809845567,-0.0003175259525111565,0.001816827275324613,-0.0022218625255239505,-0.006220898835551149,0.0016366259430651558,0.002025468651360522,0.0012873046184055663,0.002830128877540119,-0.00022499060335879524,-0.000461038735229522,4.5416501816362166e-05,-0.004233714627722899,-0.007037341586546972,-0.000662832580079943,-0.0017329538241028786,-0.004436064911618208,0.00034432605199981515,0.011572997132316232,0.006950210760502766,0.015484607085042323,-0.0008699530619196594,-0.0013240717850082245,-0.0003383265990608682,0.0006558590296966335,0.00010062542001833208,0.001202769853019466,0.0009335350012406706,0.0001940954220966281,0.0017394247959115698,0.001104980567470193,0.0006584067689739943,0.0014935586885743155,-0.00044207304890733214,-0.0009818899045543124,3.4699293998225295e-05,0.000848105576975892,-0.0026229425802982097,0.0032700574014840338,-0.00011897279085436215,-0.0006171378423459827,0.0004300330371916063,0.0010360686962182324,-0.001274973267184881,0.003679751621287627,0.006082361936569214,0.0041326076956465846,0.008237476246625497,-0.015134438732638955,-0.0237248088628985,-0.006225825216776381,-0.016159174436082443,-0.02383487696099716,-0.00841647907005002,0.004048524145521999,0.003042494074519103,0.005006422150169481,-0.00021537986855643492,-0.0010558114825107623,0.0006634328383370303,-0.003180785515966515,-0.004509978744123752,-0.0014558218111051244,0.00038978780309359233,-7.877309981267898e-05,0.0008866989391390235,-0.0005143745278473943,-0.000839827550080372,-0.0002473686048566984,-0.0006970233439157407,-0.00271511338922816,0.0013165082021926856,0.0013069029936256507,0.0004605728930134016,0.0022218256467022002,7.219814773028096e-05,-0.00019833003786819367,0.0002935518050799147,-0.004298165677270541,-0.00670425080053974,-0.0007375088710493095
11,120,0.08965590400621296,0.014219048370917638,-0.007386092383724948,-0.014170721818033295,-0.0005978684133151542,-0.0033353551756590606,-0.008076483223509663,0.002147136047327272,0.013435920027162259,0.009776044667475314,0.016610003104966988,0.0019467720994725823,0.00036853640272359697,0.003649727108325654,-0.005093871243298053,-0.007476643584474611,-0.002624044259622071,0.003866703587118536,0.002286953551714153,0.005390094719283904,0.0021098731725942344,0.0009185378121522566,0.003103441165973588,0.0015678109261595334,0.0005358364704685907,0.002538383486753446,0.0026949433047169197,0.0019691004924728382,0.003631798652689516,-0.00022414923296310008,-0.0004067843445227481,-6.556740932865068e-05,0.00045839494559913875,5.450937906668211e-05,0.0009102212785122297,0.0004358728547231294,3.8580463612258135e-05,0.0008793892442554353,0.0007341540224539737,-8.916211925679817e-05,0.0014659077682881625,0.005563041098260631,0.0022933765962564697,0.008514191860255477,-0.0011283578040699163,-0.0036731600915663873,0.00039583834450847223,0.0023764410987496378,0.0002724475999517988,0.004598361291185332,-0.0010866779756421843,-0.0018272277745806302,-0.00020786403115683535,0.0012601420477343103,-0.0005228674800794882,0.003397108397233145,-0.0006840565785144766,-0.0017988821568239168,0.0003882380962022581,0.0010060512111522257,4.188113419028623e-05,0.00209479964512866,7.154071451320003e-05,-0.00042766056954860685,0.0004619289148346677,0.00014664203433009486,-0.00020522386745142282,0.00047338955305652544,0.0004564818615714709,-0.002549051400274038,0.0034079039383990077,0.00040815050645809,-0.0001761556582399256,0.0010364030239725253,0.00018093992839567362,-0.00033226047948119235,0.0007727930537657813,-0.009283045299040775,-0.012099431246654907,-0.006489656312915031,0.0004597607010509819,-0.0005056218514801003,0.0013400820968187568,-3.502681599153827e-05,-0.0004227183157490799,0.0002717250890661187,0.0008696450657832126,0.0005019665236613946,0.0012856165900545118,-0.0004473347139234344,-0.001162834891389745,0.0003855803854336654,0.0009200249653076753,0.000367062773827153,0.0015134534202419067,0.001953709420437614,-0.0005573501539765856,0.004315247524161047
12,120,-0.07676228526979685,-0.0021990720051690005,0.0022640583959097666,0.0008474174172927936,0.0035956634643177195,-0.00031389226593698063,-0.0006496491167248071,3.2181492618595597e-05,0.00023505455465056002,-7.579372851372074e-05,0.000522637224397234,-0.0014194805175065995,-0.0036834100602815547,0.0007505088223842905,0.00013643869509299595,-0.002466820229504568,0.003073047396998543,0.00014013361748463164,-0.0005020342816472597,0.0008222962754613646,-0.0021369970461819323,-0.0033905852561292704,-0.0009615957943606189,0.0003597436298150569,-0.0016309850517912611,0.00229307574389774,-0.005667529619919757,-0.00815702168775412,-0.0028438343095088686,-0.0019488512528672193,-0.0031024348600961578,-0.0006213842690340242,4.989330967267354e-05,-0.0018645103487021212,0.001888971161024529,0.005598737241234631,0.003784283956338186,0.0073250777357801175,0.0035016176940795654,0.001362580384108393,0.005408865102872371,0.00105378627195023,-7.91747992237409e-05,0.0019432471162144796,0.0005660647235345096,-0.0009972393964320266,0.0020297661758862284,-0.0016174513031728566,-0.0029768436615510534,-1.77691416077621e-05,-0.0025861049459005394,-0.005613558055289711,0.00034878482169006054,0.00018938907887786627,-9.9501618630408e-05,0.0005677128827665003,-0.004349898609022299,-0.009039621769140164,-0.00037577524664811763,-4.1650621763740973e-05,-0.0009830342333589214,0.0009037263253412679,0.00023911855047723898,4.284936054318679e-05,0.00043521401727048226,-0.0002533170457657737,-0.0004603578557847262,-2.724285327227932e-05,0.0004105676761052261,0.00027960206289814475,0.0005466561471985187,0.0007307584931065018,0.00012212066236922208,0.001239752697365475,-1.1694832937791944e-05,-0.0004068595543503761,0.0004610040615079929,0.0074446580993632475,0.002557876753465583,0.012673935568891466,-0.002105036882373194,-0.003062051400872103,-0.0013123469835651725,-0.00021944391579988102,-0.001374513613457869,0.0007665360425016844,-0.0021158569084946065,-0.0027348014499875718,-0.001197896729572676,-0.0006323056256709,-0.0023079966558725573,0.0007790115320434176,-5.7358045402603845e-05,-0.0005256740242718176,0.00039032835945060167,0.0003577774021929751,-0.001053626312253376,0.001523644945700653
13,120,-0.006496514317890009,0.01962274959538869,0.0061092881796260675,0.0037635390388701733,0.008035105323651806,0.004339778062421829,0.0019442092571989632,0.006951705640822183,0.0052893384592607616,0.0036597304209135474,0.006737143900827505,-0.0029008715879172086,-0.004204000035339656,-0.0014711519848788156,-0.008430117624811828,-0.011304537915469459,-0.00522770290224192,-0.0005241829707908134,-0.0021718806717156746,0.0009773446300338645,-0.0009525611181743443,-0.0025334437808487566,0.0008859888270186883,-0.0019360656461988887,-0.00295267156441696,-0.0007972837085253558,0.007629676819002877,0.004279069664286605,0.010081165288963044,0.009171655626657109,0.007447745547979138,0.011032700295424245,0.00021753857921188077,-0.00012263803631261302,0.0006057508099183907,0.00044402356337135037,0.00016850153314104926,0.0006869157644299171,-1.7390033463016152e-05,-0.00016872058986336922,0.0001305831930464289,-0.0005481972048679988,-0.0008146945701082587,-0.00023954769511571296,0.0007321927162896221,-0.00021567998238121314,0.0017841538739351867,3.8767048196556667e-05,-9.33922122446044e-05,0.00017382312144036406,-0.0035545836377423256,-0.004506885312536421,-0.002714459350972902,-0.001473850702556471,-0.003039144366630353,7.211245247163946e-06,-0.0038737349095754325,-0.0050893565629182074,-0.0020407746007549575,0.003938981727696955,0.0022805414308095353,0.006082721487813009,0.004628531114819149,0.0030505624803481624,0.006268943552859128,-0.00023167133525324365,-0.0007798689349389556,0.0003034538169352649,0.00028404255863279104,-0.001069504178109734,0.001380805633380078,0.007360922339527557,0.005818305679907401,0.009047464353692098,5.017206325040509e-05,-0.0002307855838444084,0.0003378234717092711,0.000582052288033689,0.00016341604423359974,0.00107211352995364,-0.004409847870313873,-0.005965394563924443,-0.0026858212933196525,-0.003833306623467555,-0.00816724676861971,0.0004602313922562977,6.926420610398054e-05,-0.00016896301211090757,0.00026381126823253007,0.0016069135252716174,0.0011395975418539213,0.0021878771745408206,-0.00036675526450077693,-0.0007370643226992494,3.0475965468216243e-06,0.00018274724764827017,4.6249215374700723e-05,0.0003385346636059695
14,120,0.01821115491911769,0.03880620561055063,0.00010723822051659227,-0.0010468170272846084,0.0012673190067289397,-0.0009934136663408328,-0.002339306573849171,0.000303891546306356,-0.0006293070832422624,-0.0016675442574584547,0.0003089671393778802,0.0020685594839354358,-0.001959542352318143,0.0051435020146891495,0.014651359252942106,0.00828683967003599,0.022060410446138122,-0.02163862232894947,-0.02926592779015967,-0.014346285808132958,-0.007808073718721668,-0.010075746767882568,-0.004950991059498241,0.02048767920350656,0.01409780676010996,0.027554984305267382,-0.0008136869641020894,-0.0020836962330698346,0.0006005660884936036,-0.0008374125250459959,-0.001571658200506742,-0.00016438169909330683,0.0021606384524299454,0.0011966016689742294,0.0030802503150577348,-0.000868874250833566,-0.001638609559595352,-2.4002548792244238e-05,-0.0007671006217909356,-0.002437226351660987,0.00047324168534639027,2.610693530490001e-05,-0.0007248635339783503,0.0007176968290392931,-0.008256119629368185,-0.011588996963109822,-0.004747174412477758,0.0007758192485198378,9.214354484962924e-05,0.0015260973256469397,0.0003181797917932272,-0.0014423228685821717,0.0020965099930375197,-0.0005464586235272387,-0.0013602849540378277,0.0003364269972856468,-0.0006282142673929533,-0.00171247531970342,0.0007016482982241242,-0.0006191368602837126,-0.002030731070359858,0.0011274928232887767,0.008515867662693685,0.006549544328978906,0.010179066698959408,0.0022570989890179287,0.0008043040617970595,0.0038968774895571795,-0.001706979600324606,-0.0025305526102602015,-0.0006201581844167468,-0.00013520372255394856,-0.001747310805755357,0.0014841198348828286,-0.014354735465409855,-0.018106643945211547,-0.010340250345373834,0.009040450745184595,0.006802066524978727,0.011800577583344421,0.005498109067169328,0.0042619036831699,0.007138973158726003,0.030009673031357428,0.023857208247548747,0.036461621019795235,0.0010210607608314604,0.00028701570302170395,0.0017602440068731086,0.00036112598027102647,2.1030148806554888e-05,0.0007317515833953319,0.0022691439759607115,-0.002274850111377115,0.006398033555985118,-0.00015856586299681414,-0.0004713248315480693,0.0002636524680807879
15,120,0.07672749807437261,-0.0067583289637696,-0.001963844258959095,-0.003763649595590929,-0.0003076015624295292,-0.0046942449446457125,-0.006263387176732067,-0.0027452368166026027,0.010748506636203577,0.00771975705914277,0.01344511760059201,-0.011038033842730026,-0.01414981719009423,-0.00816407372651156,0.0055175623817679785,0.0022773309417728647,0.009314447333842207,-0.02350336838668833,-0.029216809748128677,-0.017356805317103863,0.01687763718267282,0.014044086530338973,0.020218644499351894,0.010491977476825317,0.0059659089514752855,0.014530967108827706,-0.006998233982206632,-0.008557355387262457,-0.005209945213039948,0.013474626482153933,0.009842715814399222,0.016795066626121603,0.006996053985009591,0.004072024384125446,0.009821209829145423,0.005571279744617641,0.004374000327855659,0.00685201524582226,-0.003091978305019438,-0.0044048064213711765,-0.0014324078953359273,0.0010617673688102514,0.000798483631175865,0.0012970878639316653,0.00014984406104000906,-0.00040744419675320387,0.0005989820047883162,-0.0007715858131026229,-0.0013067412930346713,-0.00021753841623043017,-0.012507316085975616,-0.016633913060068152,-0.0077980578382266675,0.007636966292435924,0.004950875713257119,0.010259342397136304,0.003044397112292548,0.0014434288126843361,0.004451717821696851,0.0022737425984814762,0.0005866849850281143,0.004004020127758849,-0.0005762745160609484,-0.0020979111288518958,0.0007773644727421924,0.0028800516951984416,0.0015980115162043756,0.004077429333459199,-0.009596438993078967,-0.012615943573958552,-0.006742973336852929,0.0001099994503116856,-0.0005679291384391642,0.0008071137875958812,-0.004580741041960815,-0.007125908908007356,-0.0016280448176742826,0.010096748782477032,0.00657122351481424,0.013852364746077608,-0.008227768394863232,-0.009912021353423672,-0.006683542151392127,-0.0037077671964652835,-0.006137144018527275,-0.0015355348962475543,0.00015243069501593708,-0.00019118926749797538,0.00045614553901638527,-0.004562826012261212,-0.00570477654323137,-0.0034985621287099396,-0.005279154427504788,-0.007286966857791412,-0.0031884203843461968,-0.002742344707561036,-0.0050482688580329215,-0.0003414738691450713
16,120,0.13500247982641062,0.0015148873324505984,0.0011213572870474309,-0.0013334106902766507,0.0036539968330180275,-0.01874160523681591,-0.023517866563634016,-0.01374260409211274,0.0032502204509607204,-0.0009420968658135582,0.0065416588474666556,0.017756387824192643,0.014815590878521712,0.02085269418321938,0.0021962521267899623,0.0009757919200637843,0.003522547677178712,-0.002960192815711101,-0.005445445409908037,-0.00033661442027854065,-0.014189337473362684,-0.018950903902684026,-0.010263133464613926,0.00765142209129408,0.0035951460604943955,0.011530379535688555,-0.006053947696151833,-0.008733757858281024,-0.0034520252270158367,8.701432573919495e-05,-0.0011991699373659988,0.0014576515619410205,0.001061620912514627,-0.001663517053433073,0.0037987497501308105,0.007812165565943966,0.006412568471035532,0.009449345491351173,0.01210037658456713,0.007447957062783341,0.016208767567004543,-0.016760706288429596,-0.02414087760184581,-0.0066510164225474,0.0029495502550465364,-0.0022158672756631857,0.008274822787983189,0.0019674459103650103,0.0014433483938046266,0.00256906671464094,-0.02326169249136001,-0.02824977281522782,-0.018211398455896415,-0.005135998874902725,-0.010202622292757346,-6.0643622321852594e-05,0.00024411053551981848,-0.0032018990407232193,0.0034139228994414833,0.011067311434696117,0.008278969250580605,0.013454758938169107,0.0018276270401353636,0.001357676591190587,0.00224967480263634,0.0019834288104902953,0.0011417908035218716,0.0028661289305212754,-0.0029601475747767837,-0.00513471639555064,-0.0010089782725844992,0.00496374536305666,0.0019770347760641018,0.008259602468363787,-0.007883426950623591,-0.009438975839778626,-0.006400352717610075,0.011181671323720365,0.00793175208683048,0.014280270268791357,0.006115204759407788,0.0026511450986921167,0.009163593065556296,-0.016161861092162628,-0.022075715484485652,-0.01002471939680011,0.0312621105927974,0.023775279165711254,0.03812514448557825,-0.009153886577890565,-0.012955502161639742,-0.005041144299029837,0.0015349663871650895,-0.0008009063568897545,0.004351843530603219,-0.0033562991768121718,-0.006946111007321937,0.00036730576015543215
17,120,-0.008078668576975664,-0.005990974856346535,0.0002995873258138696,-1.1432162815860154e-05,0.0006599569977455155,-0.002037568171120559,-0.0030799060901335906,-0.0009924878652964248,0.0004331811137186984,-0.0005616296382989579,0.0013759340715478185,2.0696133530388274e-05,-0.0014279475984706855,0.001273590361039776,-0.0055929571700592835,-0.013390132390001478,0.0005567415803670886,-0.006623872842950126,-0.012329589247722955,-0.0016006875362169575,-0.0022851156381269297,-0.0037394134994247,-0.0007869026447103047,0.003829103141712646,-0.00059807384153828,0.008817318206808221,-0.0007848823753496011,-0.001659132977462529,0.00017243844641294962,-0.001729512716216656,-0.002546280786021574,-0.0009346335936425018,0.0021511310323451957,0.0008547408454857456,0.0031631511521603294,0.0034449858513350287,0.0006856211919027071,0.007008800182569152,-0.007275657293697198,-0.010469767014340808,-0.0031551787947925428,0.0023957843775860967,-9.269811232419058e-05,0.004683485476610562,-0.0013091614081834754,-0.0052186403865925966,0.0023727520279741557,0.007765321208474537,0.0037401740016260493,0.012806834794464522,0.017270627478137613,0.012313838000409305,0.022514136992782974,0.0156322158795471,0.006680909634160344,0.02671969480075253,0.010184939888616403,0.006724902449641377,0.013780884468190684,-0.03413991658017039,-0.043706398121236514,-0.024729649615474043,0.0013279774032222728,0.00048603150547326854,0.0020271289570761536,0.0006075452411702524,-0.0008876266823305438,0.002142449210077757,-0.0031950418662745504,-0.004395798718760488,-0.0021361753135473306,0.0015135415402861934,0.0005319527378499819,0.002645807339188954,4.925297883649667e-05,-0.003308413246219667,0.003573801683766457,0.00023987214857091506,-0.004356659357338988,0.005231712161427521,-0.0005791985623848935,-0.0019235671372734942,0.0007643270896126831,0.007648468304735919,0.00444058190274518,0.011856240114818017,0.0018705573359814782,0.0011575266281336858,0.0025652425261796456,0.003954621175459276,0.001844166162093946,0.0059983804507646715,-0.002175080036977306,-0.0031497858606841568,-0.0012335483895731158,-0.01890241975391594,-0.02250900228784303,-0.01557479170349931
18,120,0.09760693926364183,0.07212638556375169,0.005932819657027721,0.00329625430284068,0.008759684449760245,0.005491803369174401,0.0032916543636626254,0.00784348914593769,0.009940159126805763,0.006541513711175261,0.015058590908301995,-0.0033481452458848557,-0.005952023149002343,-0.0007491391536314038,0.01607343863385419,0.007863042865452977,0.024445921573593904,0.0014965222217142582,-0.0037552307633450257,0.006904408056288958,0.01982504902407527,0.015004632250250628,0.026159992627023412,0.004595453742270669,-0.001158101104277496,0.010967147702079579,-0.0011244246367520343,-0.004021102756232722,0.002126768237455205,-0.034297899787391846,-0.041527616694171834,-0.02660212702161516,0.002078692044597119,-0.0019513449480291455,0.006437613342617019,0.039619991245369114,0.029567011846326447,0.04803505795551852,-0.007289700532176842,-0.010028632306784857,-0.004291718586464411,0.005555472682074954,0.003920168833865318,0.0071795508109304745,-0.022825676086358725,-0.02837574727095974,-0.01853911194387668,0.009332936932332813,0.005926234836612518,0.012746967030883146,-0.00763361689945062,-0.01722760639619082,0.0007913630510059534,0.011764667741954327,0.008028999888532175,0.016188983408501372,0.002423539524897933,0.00016700417385436613,0.005333698690325643,0.003229771234327927,-7.904457340676643e-05,0.006780135681231818,0.0025139362008000416,-0.00031129052649096886,0.005412067588185892,0.006130384785744051,0.004030662897566799,0.00806564994486204,-0.005480984326762458,-0.007442812045143607,-0.0034641687150966994,0.0016357922519091516,0.0008423526313466332,0.0024328984618963052,0.008788052278881272,0.004558232968944746,0.011933667992125266,0.00944294988294132,0.007305621283691532,0.011522853755450342,0.0043291659191406024,0.0019353440245322418,0.006756797592776517,-0.003068236449810987,-0.004913658324318627,-0.0009966725370031775,0.013190932276969155,0.0038981500819015007,0.02123011279424342,-0.01680832334483663,-0.02633593899779953,-0.006787427405749136,-0.010858016988883416,-0.028805834254405152,0.005378395375252393,0.0014698790851980447,-0.007593500499885219,0.011064518435353726
19,120,0.10157472000767788,-0.011132944530496994,0.006752762772763769,0.003299711106228642,0.010391087497118862,0.00680983531444023,-0.00019499827273345243,0.013791139283178686,0.0005473120487295091,-0.00504207113389081,0.007052660737147867,0.004418927213797967,0.0004392660078398574,0.008366770863843461,0.03747440258351465,0.025167561758231993,0.05318302825714152,-0.009980341144061338,-0.014056686803232878,-0.006481752268155104,-0.020965976035222413,-0.026424492988153362,-0.016317204766673966,-0.006461684716244539,-0.017480765656412888,0.007257495846909783,0.014533773014166702,0.009124948521590947,0.020769157477770934,-0.003931159623122463,-0.007714230163255707,-0.0001200013616471543,0.006979379896074533,-0.012465734792640432,0.027437067053591214,-0.0012975104385986925,-0.0023947709016889952,-1.9526167695100105e-05,-0.008029927817794184,-0.016198503151535988,0.0018460017941348888,-0.01921088873835591,-0.03156098771083634,-0.007633659645071017,-0.004988143329198161,-0.013167329552331164,0.002683868694875856,-0.011511197756044566,-0.01666897526961596,-0.006561602390332457,-0.000702680853040268,-0.0051642058794580704,0.00365878241903071,0.0019627885504936177,-0.00022588203525325903,0.004162238067947329,0.007662812426375846,0.0027294693246949467,0.013387838039391985,0.012541026234005888,0.005287054162860538,0.019156067469545332,-0.008438030180210868,-0.012481229830688487,-0.003967505135030175,0.01410143959025542,0.009685326117420725,0.017730060979665726,0.001497873446593682,-0.0017455237188066044,0.0038399109946719067,0.005669943823401506,0.0017139894991123584,0.009155615257429115,0.005554878938710317,0.0032977255719985506,0.007814381178759504,-0.01862386678500722,-0.022272338230201666,-0.01570048211093914,0.0029781184198024373,0.0012013967646150074,0.0045300308620304965,0.0009479865916849424,0.000249446552528146,0.0016735567377569776,-0.0014332970099834104,-0.01011078375420766,0.005505601031763947,-0.010326507105492055,-0.016915104925671283,-0.004807246452546677,-0.013966755374955635,-0.024653936212222713,-0.0011699999187840134,-0.0016982384879762928,-0.010747347930446268,0.0064728881104383655
20,120,0.46232884436224897,0.09329178061161655,-0.003040937980404124,-0.011942368369054747,0.006657478155684658,-0.016006424421599757,-0.02740224166530728,-0.006439390700252258,0.004906968116605033,0.002455307030371235,0.007580641351717835,0.019368733659697077,0.012281913072996153,0.02788862691183264,-0.004524169982566188,-0.01207178755828257,0.001508517707407017,0.0030440176429692655,0.0015486476219666657,0.004371184166666354,-0.004324516661775609,-0.0060653718557053555,-0.002714499712261992,-0.002421104279346764,-0.005319014993146993,0.0007629292698887488,-0.002886055976462861,-0.014926263044665877,0.01156722371602276,0.029779610441376766,0.015673922499020894,0.04307199514781436,0.037984187124917905,0.02879567944270093,0.044540365148374506,0.008116693197128674,0.00033072647153555126,0.014842298642033715,0.01811730578386535,0.0040935739482908205,0.03535702690113491,-0.023154514962031195,-0.028503858885669614,-0.018057344158490498,0.038677963870577516,0.02553031628912625,0.0506574101735411,0.009867676405701787,0.003395863628538791,0.016919221507365974,0.009229913664360842,0.0015198449641078094,0.017816479424363936,0.018746578419813885,0.014910656460754883,0.022817198116050957,-0.0002821315933639804,-0.004310903669490169,0.0038468890103589147,-0.015951699662643173,-0.024063169511694772,-0.008530139228484281,-0.0021487622948673864,-0.003362950612111793,-0.0010652305479743516,-0.001104078934683154,-0.003354966495292804,0.0013827136831726728,-0.011868378516131392,-0.013975911466501808,-0.009309645113632236,-0.007298334524966777,-0.010489503709250128,-0.0043532937937804175,-0.0008215507628240933,-0.001030491066533917,-0.0006022122570235903,-0.005967126809991896,-0.007291325057061234,-0.004360925945074996,0.00266591877831767,0.0007324041441703836,0.00476726124160147,-0.000618138310771125,-0.0016669038359638459,0.0002593529049287706,-0.0024979870766401293,-0.006861361803409334,0.0019133673402636046,0.00354942453171437,-0.0024858596088597547,0.010207565995903377,-0.0006967031726768862,-0.004950938356632832,0.0028646578404974824,-0.00515059510168309,-0.007928777783721065,-0.0027393406797394464
21,120,0.1431765022377173,0.15156827410197973,-0.0037147819763049482,-0.007287004053165826,0.00023811117629520695,-0.001083859638310969,-0.0035737115354277193,0.0018190229519192754,-0.006388249170656005,-0.015306493387324736,0.0010266462441844274,0.0016771096037700773,-0.0017785035587924844,0.005638043778114176,-0.00552056878611135,-0.010207035547597722,-0.0006356262918658704,-0.001927974874464174,-0.0056703668665916964,0.001989771110044482,0.0003502779679062466,-0.005191852479474619,0.005945694236531077,0.0036939230834832416,0.002268171443865867,0.005129997042337588,0.003440673474688083,0.0015632357327558567,0.005012441251698571,-0.01468371063626061,-0.019704601404373533,-0.009968188302979493,0.00011300725551942984,-0.004581465694742898,0.003986095873212134,0.014529366123800477,0.007631072470685467,0.021357721315774448,0.0051624793171261745,0.0010003553472536927,0.009072368592993978,-6.57374815394481e-06,-0.003024022867321037,0.0027271401096368216,-7.228568817178408e-06,-0.005416810987905289,0.0056482907221652575,0.015684869854400554,0.003952881596051157,0.028002469212127234,0.0101410412384818,0.0015649402944836765,0.017737582356106337,-0.022043100907467306,-0.03161989162307388,-0.012984593939812229,0.02496869022337099,0.014715549893444405,0.03541438676727315,0.02056387315193812,0.010702483149749848,0.030803608693531718,-0.005364194101033112,-0.006982295405662929,-0.003726971196980836,-0.0035929855114469928,-0.0064381671063407945,-0.001132707254825315,0.0066378392764211945,0.003160119293703853,0.009715907058707672,0.047049617301672696,0.02985423724167049,0.06901499247547085,0.021648999532529464,0.00775486707512755,0.04025871324731271,-0.012351891437234978,-0.023057007365860045,-0.0027910833390584807,0.021544527852286895,0.007948303600617997,0.03559879673877731,0.0017734420446989436,-0.004410973955430866,0.01019328021783925,0.018663868412841112,0.012961455647891853,0.025643213195435235,-0.0021038813147849092,-0.004897795679038002,0.001967201830169264,0.010717151760278891,0.0043498789024306464,0.016365796568279623,0.001996517297811806,-0.004200793971734431,0.009265292472749329
22,120,1.1444869112223386,0.13861574439312488,-0.000782018224708736,-0.01218591638103438,0.010280614200940669,0.0034839434549212454,-0.0016154408233705908,0.00833253444172442,0.0024460395720476906,-0.0022484308225102717,0.006958220538217575,0.00732256017314891,0.004620802359422669,0.010245370478951372,0.059959446142117186,0.028372921741877992,0.09237611387313033,0.022230638843029737,-0.007479535506572572,0.0523300198170667,-0.18059610871908566,-0.21220739586123577,-0.1456019197644976,0.16804812071689715,0.12891005509416573,0.20898618169342326,-0.006008494730728368,-0.01405516148234407,0.0029463295167079222,-0.0020041792653501035,-0.006284310653766927,0.0029467343841679395,0.007983072699668506,0.0015012278658105061,0.0155184389743954,0.010172020690515638,0.0048117163497954606,0.017026525261074614,0.006077767644698421,-0.010656802930170671,0.02957561351746942,0.00884826156931619,0.006383943783779008,0.011398421750830797,0.029473398439586164,0.016410349836029733,0.04271952503205588,0.008306633537479987,0.0023653286743016604,0.013433509033056911,-0.06699009339014689,-0.09223044830840081,-0.04307972895990436,0.0911542692532142,0.06127696177922189,0.12389175630795461,0.005797336582327261,0.0006201643075231307,0.010630094120667007,-0.022317011235281826,-0.03543893369535605,-0.009306788367296879,-0.00575460580488046,-0.008770924273558195,-0.002902494265872519,0.0045198890128328156,0.003061788037448423,0.0060569035051836785,2.4751350671673815e-05,-0.00028295843825617336,0.0003300739221352463,0.00483529650955461,0.003506244359111103,0.006348172642319696,-0.000682327578154703,-0.0022864501149160786,0.001157626196994292,-0.005065729201305658,-0.008011952553448888,-0.0024749543113284735,0.0003273463575169444,-0.0010163903718057553,0.0015339396740697946,0.0007048817972342173,9.860409588630621e-05,0.0013173934814403765,-0.002653011859122974,-0.00415835214269464,-0.0011855736700817942,-0.008293354682003458,-0.012424315507232676,-0.004606868268068259,0.0005369385122321546,-0.0004621924287736571,0.0014805527455852526,-0.002489933775117,-0.008654815214686095,0.001980814402922988
23,120,1.1913488543281952,0.512784977312064,0.015245085628703237,5.678148784985711e-06,0.030093148320835705,-0.16091983247703562,-0.20550820423290134,-0.12085482667937565,0.17375186332501472,0.1242567200869477,0.22366025727979533,0.04476124911258618,0.030138359132688496,0.060188996967238693,0.09278248401048282,0.06189501938953375,0.1254266544080262,0.041858424440336724,0.02698812128044665,0.05709843423392158,-0.0022048284610112507,-0.004262084923296546,-0.0007445827925888188,0.023979679035255684,0.01744956304881877,0.031283779479611744,0.02989652204948167,0.018199812151336422,0.04123145029608471,0.01141493123335143,-0.007976014213248466,0.026744846320555855,0.07988572436540077,0.04486637836399798,0.11565546051928931,-0.012746619402120511,-0.020524102398970474,-0.0038991185964550802,0.02222988846867035,-0.0037230201544783377,0.04747847757147005,0.006641272137251993,-0.009347091821643212,0.024170055616996255,0.003942751593422144,-0.004585164492988648,0.01259511194036653,0.007350644566273937,-0.013901628021849318,0.027331985492007032,0.004955576096350948,0.0021104514072067104,0.008200187248779306,-0.00010130957622701923,-0.0006689322322199587,0.000465713106095791,0.0037897173722740264,0.0023800799096352424,0.005468446883799819,0.0011568892557988874,0.0005695078154652341,0.0018343656852205944,0.0006305160738217334,-0.00047908668396606417,0.0015804968572532138,0.015487699420191348,-0.003403622961098638,0.03364286356314552,0.010068430053070187,-0.02014119402951716,0.040157524205278614,-0.006368534057401121,-0.01395591855495392,0.0003121940269678259,-0.01113365734151254,-0.016330430793993097,-0.005688533750411197,0.022105027731352797,0.008677393844409381,0.03753890120550448,0.01829781848549222,0.010853371190896724,0.02616079337244931,0.013912170492888738,0.009905182562846069,0.018286141442270795,-0.016550942898417513,-0.032835150415776296,0.0011407651884170894,-0.012454878926898042,-0.019298926639409426,-0.005413650824921203,0.10670047144715984,0.016782549863370758,0.20689467099107184,-0.015579255941944817,-0.036800946816608,0.0026967759643836673
24,120,0.7096797689174612,1.7696175430872245,0.05353277301571022,0.00778089786763303,0.11106644843375157,0.001053963490994647,-0.0003439912279039466,0.002574053967546206,0.06433059347521825,0.024920672058845714,0.12378581073843332,-0.0040368125240396084,-0.005665012506093868,-0.0027312274322563706,-0.0009488806962811698,-0.002325735572473301,0.0005923146713272831,0.054520516062621024,0.03655381611344637,0.07773258636744383,6.791402702219785e-05,-0.0004856354119450164,0.0007529488299041991,-0.00037150403174261254,-0.0018656965925280627,0.0012665434559069886,0.054953206811721125,0.011946792885040244,0.09526002588798292,0.019956078108710546,0.009759713811217808,0.034145836537742676,0.035377512817891935,0.019190626441462275,0.05460180763465663,-0.015238813227430608,-0.023860079539444995,-0.007550361261916499,-0.030382689329174657,-0.0484323611354921,-0.01294839462614618,0.06226296513341367,0.021642572161508725,0.10201256753488755,0.19378779619000852,0.09795160174913084,0.3284215288370615,-0.014198989002034068,-0.03229127895940716,0.0006512408016715292,0.004741770401597023,-0.008854505273047835,0.018137266103876757,0.008686630955586831,-0.0027874998468905682,0.020315135387548557,0.014119311771355569,0.005679731070413254,0.022392065704140506,-0.014884334305922191,-0.031133145850617435,0.0007592781928057486,0.011394325236324221,0.008278275034390391,0.014068731144749717,-0.03352188393861676,-0.043860646179722,-0.02510156505818789,0.006213348001862565,0.002515508572153825,0.01046275308345988,0.28491586915527783,0.2213561867258977,0.34810727584622025,-0.06428635123496254,-0.09125322294499104,-0.03264383100826912,0.11429458998997385,0.07294163085743396,0.1664341791374803,0.42583627990291767,0.2789848060797279,0.5879250168064998,-0.006577755650505423,-0.025706970365718007,0.010090132368883748,-0.2010297503322363,-0.25600944708101453,-0.15192157928443822,0.33837303266239666,0.2711278292738522,0.4288358653398852,0.12159595848061144,0.09104309768105547,0.15618159044145918,0.2850808716689547,0.1872388110208946,0.38528376799154407
25,120,0.9455922392507394,0.16411937242858887,0.008418126466373603,-0.001873019813986805,0.017882156087531867,0.03112224063370377,0.020715276892102945,0.04181166063819546,-0.00037969924548330404,-0.0013524275388529835,0.0006022090928066373,0.00023713131085969507,-0.0006873202127462718,0.0010372236348727408,-0.018601137065949538,-0.0342776601940083,-0.00020459702548880225,0.03881381193641573,0.031166858040960504,0.047989903937365554,0.0875262247864157,0.05932307731981079,0.11840656656965924,0.002017577407726397,0.0003209157213374662,0.0037831470199550196,0.01341579303261824,-0.000559982495663765,0.024187850972036056,0.09693450329747672,0.03390432313123408,0.17032047817861895,0.053457459217558304,0.010495576546915499,0.11651198068633677,0.020202686567790805,-0.0020077294120953103,0.05626851188018923,-0.009741371745864551,-0.024960594556760043,0.004553730390034618,0.0005859795724973083,-0.0013781145771887774,0.0026721765679152067,-0.04821692831659068,-0.08061336262908299,-0.024135557510890065,0.0948087609683474,0.06196700218288849,0.12640998960550257,0.0005570487934164703,-0.0005251198654877954,0.0014191411182400773,0.006891617124589781,0.003347941723041004,0.01090392261515566,0.0006995324423769489,0.00043294567525056966,0.0010242802312617036,-0.0018842451254992435,-0.00295557176277119,-0.0007389073198525388,-0.005921406203803296,-0.007832802976336097,-0.003965935758218014,0.014940119724875937,0.00823698560600557,0.020361867350778388,-0.0021192351724797238,-0.0037097513875050934,-0.00044589678718087554,0.061432037665508685,0.04334746841884529,0.08428476251487155,0.008532035331397007,0.004267518524672293,0.013525482114103702,-0.0008208131766878068,-0.0028511771060099516,0.0016169890300564782,-0.0011394449432070056,-0.011690058918029536,0.008513458721475523,0.004296113626332953,0.001233825119610022,0.0074773579173294516,-0.04108120972911517,-0.05325383086650012,-0.029476207480765876,0.0011851235991343855,0.00039397567665825294,0.002091273857901494,-0.24835320766239116,-0.3150710000586696,-0.18899489858711604,-0.0036958526897554597,-0.007524021737238703,0.0007842542378542345
26,120,1.0962808582931758,0.958290541205497,0.035327382603039345,0.01930279100740639,0.04973486586279857,-0.010729762321958939,-0.015067230525116125,-0.006737820525013375,-0.0027866007915387553,-0.004068529745369839,-0.0017129296235119298,0.041637701851626234,0.019452429295439895,0.06059709606847415,0.01703120303961138,0.005467776510631666,0.02934431421934278,-0.009133788788070281,-0.014749885894513379,-0.002567857206934908,0.0012459748308174313,-0.0006359545821032952,0.0033060281898845763,0.20581393304746598,0.15803934241218182,0.270296925456496,-0.04059606632605816,-0.06017179175677787,-0.02213367631338769,0.0032071246348399046,0.0011754415437705272,0.004829139774713743,-0.0004751684726215899,-0.0013103394235561912,0.00032168470555916457,0.0035926493801525794,-8.509007015769983e-05,0.007045250151568326,-0.013401016953866928,-0.01634915370794867,-0.010528492845866518,-0.00042246008524671197,-0.0052175319555681195,0.006872825020109304,0.06931438356017074,0.0402207367985587,0.10056789360086744,0.1449901407274107,0.08533333075601453,0.21078901439167871,-0.0004955423627203951,-0.006217122460802783,0.004961062827496791,0.07018454254915317,0.010663691256583358,0.14746707111325427,0.017035552102606745,-0.0008468980143273559,0.03708187651034677,0.0027316142281051726,-0.01146985441543317,0.019284924232876328,0.2712436285898245,0.16761813168379985,0.3608235992630944,-0.007223370646048958,-0.013083328091258105,-0.0018869246551669967,0.0033199192771765714,-0.0057106786669464775,0.012328416697540283,0.0007310651223330448,-0.005798473836500003,0.009040455513774456,0.02194703830173239,0.008791433944716119,0.03807720631176684,-0.032960504728058976,-0.047773602909486124,-0.014213024925265917,0.09261317432198363,0.059470551223445606,0.12762311337840707,0.06747790021278585,0.03946917230680507,0.09079361787667345,-0.000645060792642956,-0.00482486818053682,0.003064960883930327,-0.005810177089491238,-0.028720066340853615,0.013369942823677181,0.008985077686763059,0.0027295944788299194,0.015554431237687823,0.004540054496222486,-0.020341268500099735,0.034789017043367496
27,120,0.5726979533831279,0.5536514699847127,-0.007245899368232737,-0.009503369221444397,-0.004735700388652428,0.0050301134120672945,-0.005193692990190659,0.015932701990241188,-0.0018455203777800004,-0.002462256868990759,-0.0012210428301477805,-0.05301686602955063,-0.06657176858279854,-0.04286694081888223,-0.0031869177415501325,-0.005730269022994131,-0.0008108706015627827,-0.0010399739801262816,-0.004065538742094456,0.0022708605337538757,-0.00013791229575872422,-0.0020470006110069033,0.001791132665336289,-0.0028212589211761953,-0.009901191446115263,0.004582583789791295,0.09936027840012684,0.055201521821242445,0.1567434122489067,0.01703394634920793,0.00843167064129375,0.02656059876695508,-0.024303608216966192,-0.033578575436840764,-0.01586666017770767,-0.06856793402306115,-0.1340857179890736,-0.024371862815557182,0.01729615918981532,0.0034961012145504357,0.030825529187762497,0.021264970985551676,-0.0038388979159450776,0.049010183853873374,0.11666592328498761,0.08351017505318548,0.15443082119415824,-0.07225658822183807,-0.09502965847961603,-0.050653769940836355,-0.182306084005783,-0.2577722643734887,-0.1130147175102805,0.240540781217472,0.16189009725572154,0.33448262105259347,0.07953764690707127,0.04638518364750781,0.12227161833201536,0.029972162485743564,0.012899120752311623,0.04679307433291494,-0.002600112072347353,-0.0057658980754786175,-0.0004608483432093628,0.000507647300643536,-0.0015178560518931288,0.002461690339065781,-0.0049216460669413205,-0.008913848367228638,-0.0012938535040787718,-0.001302331150509417,-0.0030532671109540386,0.0008104169549187648,0.00026441288258259495,-0.0002612116794140699,0.0007319643518227774,0.0009732511059458678,0.0006013337638432859,0.0014075986118647658,-0.0007872362931569417,-0.0014941932370129507,-0.00013662856314719345,-0.0011452976934378967,-0.002221096160016411,-0.0003269375681945043,0.03217645218440642,0.010445633067477806,0.06268838909144203,0.2769004753868406,0.1967163823203494,0.35989794292623023,0.034344975463075876,0.006284968797917828,0.06281025870797749,0.009267459887390335,-0.005914998604178739,0.02852464273989123
28,120,2.3816206524769465,1.5847397167255015,0.2463685711224874,0.15647841132110138,0.33570485476385026,-0.01545162699961414,-0.026793697243944432,-0.0029310555102225943,0.3165119397919625,0.08941574200444545,0.5349769673023064,0.005993046921988329,-0.08010206264986967,0.1258549042418599,0.029190857828749965,0.0030300912738312046,0.0576881508571872,-0.010398840504543235,-0.030289516346238086,0.007855794067921435,0.007774662443747123,-0.008797829233614418,0.02765678288997151,-0.015168197363770257,-0.03668094200809719,0.001006976834129705,0.5046360763333116,0.13295503935000552,0.9214527887569665,0.06826558134052903,0.030369895256202047,0.1109457870316692,-0.03664377188154807,-0.06352193286914068,-0.01485758280827819,0.05021778562416633,0.01178928390533353,0.08920470671728253,0.019883272144943474,-0.006413497873581944,0.045725987781382475,0.03356114390771836,0.002342688319234488,0.0821411854127655,0.021260117762722075,-0.040516431739282176,0.07081918383482845,-0.0030004317581187935,-0.008488218565859521,0.0007641983956758293,-0.004406066231119136,-0.02710644581801413,0.010870635199438162,-0.012714620246939982,-0.022199821934239784,-0.0019167609882909645,0.5521287719563891,0.239766803800206,1.087189541158732,-0.017922251132161667,-0.03788967537577263,0.005270744638789138,-0.00043802430542806784,-0.028815509420043475,0.026326125504759452,0.011502469579378763,0.0037769475435682886,0.019979121629148725,-0.007583299403389295,-0.02275535543565638,0.0038750057100939254,-0.1444278144898514,-0.19461427059955894,-0.09699718332849443,0.0014313784039889773,-0.0026336518510167175,0.004646972917350165,-0.019988660950912163,-0.03526706912273463,-0.00835582764115922,-0.006844036234542728,-0.008362180072096331,-0.005122663767445677,0.0071073649839187665,0.005445896156597883,0.008794477878060813,-0.0010174618645881614,-0.008904150190452733,0.0065909687693541255,-0.003831525193527341,-0.006451799913387124,-0.001610165569387996,0.00837810846666495,0.004207668050269907,0.0123829375502343,0.00036519667288909354,-0.00393017834382287,0.0037178495487508673
29,120,4.589057665318251,5.03641777219794,0.01719745098768423,-0.012756279083453894,0.06336041458280915,0.02503242502377058,0.008309850548588049,0.04729466523005006,0.034633566794218494,0.006041495636309265,0.08009618999582019,0.0019453704201926787,-0.016971988818841054,0.02523050181994526,-0.30110721095309906,-0.38709997864052037,-0.21577822128640642,2.089044197718613,0.7069978049222846,3.726400243469398,1.073911444353871,0.8216103733755881,1.372098738027077,0.1038863399454082,-0.002944218734822543,0.2528974154417908,0.030210670006151002,-0.02392529728085113,0.0888226103730267,-0.011117732718897362,-0.08017732281664695,0.05329128347085014,0.009229039971251041,-0.008755982437287457,0.023512244567197436,0.5193580841296352,0.3351972750601514,0.708831459772094,0.5454440429108217,0.40673044276870013,0.6954713402101577,0.2806021944076444,0.10349492183401406,0.4509386911211187,0.01569487154095744,0.0008532594882611496,0.03223272204108072,0.05184750490589067,0.023661390710525063,0.07859716609120371,-0.011069720383966341,-0.019397705541438576,-0.005025122026321089,0.03203501486762737,0.016770295647244592,0.05376346604287393,0.0008423941132302085,-0.001589020660709745,0.0031670526299664454,-0.0018327811500057577,-0.004196234674260875,0.0011071757159273462,-0.019519510872972507,-0.025546696220796243,-0.013795469454295621,-0.0021160945994779467,-0.003437836491696847,-0.0007292621491554497,-0.005124895924624676,-0.006955819636107966,-0.0034548749685442692,-0.0009608485697147746,-0.0036354315868811684,0.0015669582148742241,0.4406722475386535,0.2357153040424843,0.7341627516259907,0.09362827205331996,0.006314710339162654,0.31955186299727456,-0.007302252162480727,-0.035127019436234454,0.014290995334740734,0.020718145902113367,0.0032861851290605652,0.03506084633467254,0.017201866717853894,0.010609429489995818,0.025019822273752653,-0.00994239297385017,-0.01834444478813869,-0.004415501082354846,0.005430299730505794,0.000920516379895465,0.009952225342567546,-0.00205423153238371,-0.0074435083736898375,0.0027883574621713103
30,120,2.8120576875905194,4.0184260644755945,0.015126340370625258,-0.0703374708389553,0.11715740026052422,-0.013027742237318308,-0.029205988745476738,0.003915064154813689,-0.04395733109364907,-0.07192429560605282,-0.023754578858303527,-1.6710142760227123e-05,-0.004971332935092505,0.006819073543107759,-0.017308302852325142,-0.023584492847633858,-0.01145081373727104,0.30162649114305773,0.1631896313598069,0.4186519205166648,0.49590341869431237,0.4109545461804373,0.5700569982933424,0.47819748397062845,0.36716936284773205,0.5843176003964619,0.4534926738900443,0.13083450599903396,0.9567057369443744,0.3095000519882888,0.09803923652681988,0.58044975241879,-0.026226149218079323,-0.04555321919363147,-0.010878177707636492,-0.004492383064158881,-0.03460634678015292,0.04412476846438952,0.03575672033863763,0.01955332639171199,0.056108825374782706,0.19481668445902567,0.05296900158204759,0.32542593105521533,-0.0015425649044724802,-0.008291266702581198,0.004958920047016972,1.2528713928846023,0.558029330294424,2.122128836019741,-0.002293543447740376,-0.008216028105428753,0.002992698317587686,0.17582720487068096,0.08676915012920897,0.277903849114664,-0.03245721670488517,-0.0499256996717304,-0.013957553332438687,0.00110886434558779,-0.005065088202245533,0.007566716421473151,0.08466943815971414,0.041774845764351386,0.14543378522852435,-0.0012901633007762333,-0.0035597871066420338,0.0012572227568792508,-0.01619901496451348,-0.024441405447238745,-0.00929741605223777,-0.030772944910374158,-0.05072904399882342,-0.015053495454873576,0.010312900389544665,-0.0005623273510718715,0.01924863470863784,0.2510718460349987,-0.006172017971791015,0.6783125610008334,0.19614362495291668,-0.01310620533802042,0.5967984166707901,0.013385485485196113,-0.05841637923644157,0.11615072909635882,-0.010383422521408647,-0.02448072387196589,0.00418764263178067,0.004366787534672767,0.003102066503779497,0.005758494826344152,-0.060780024132691325,-0.10961524249714179,-0.0034641611259818407,0.004996168458213409,-0.007188865048810838,0.01463840345813272
31,120,2.2247707595427832,14.761961097539945,-0.007674801351580148,-0.012376594009304728,-0.0024390187616033163,-0.18457314297168825,-0.26243486416797773,-0.12887626737647223,0.5194424781560277,0.28181033114301196,0.7235721560383294,10.353955117814865,7.0305652279876325,13.907455202620477,0.11121008112871399,0.021952702861938934,0.23026481981195202,0.02506381506488348,-0.013679587752267252,0.07838752850143164,0.3328574915300123,-0.018319717564445455,0.9712144762325139,0.01822439849105043,-0.014669617654726606,0.053920092446351216,-0.01670986992927889,-0.04313506628328468,0.008851612065918765,0.05658263632406791,-0.002768018748223159,0.13403108047010998,-0.4866334615275264,-0.6023462446390961,-0.3834807303470249,1.4791555356234312,1.1602313400742907,1.8418555320364733,-0.02359036000755926,-0.04385884725120074,-0.0108324732123098,0.3582655274813684,0.03629095844225959,0.7716553428137558,0.14302470338298007,0.004055703445434731,0.36960474941278054,0.17905808258413647,0.07610600331807897,0.3021487397847038,0.05193010224029422,0.03965155760175549,0.06594371197861619,0.09160798634402453,0.06502980575353529,0.12278708159942958,-0.343590056997103,-0.4814758690570791,-0.2299377783376258,0.8307434927672148,0.46561033551115544,1.2102793324614567,0.2969819181753943,-0.00433911859775738,0.8809140234633621,8.186228418101867e-05,-0.001388408847900185,0.001674066604512822,-0.001762786724915107,-0.00464908999352095,0.0004179505856397256,0.005878340953495353,-0.004064750591642223,0.016261852619354616,-0.0027502973563969134,-0.00991882448007042,0.0038911262226368633,0.003402881706521536,-0.0034504256564347694,0.013901624724045785,0.05612258431501686,0.029776838079366524,0.08317055461986456,-0.0034411813830956817,-0.007098623363805625,-0.00025200651589936147,-0.4419525796469922,-0.560949021136233,-0.3005389830805749,0.07978192937249938,0.049238288899650796,0.11161370520091927,-0.34079369201014437,-0.4569619375777741,-0.24078703969794638,1.6220623617060483,1.2483721356435369,2.0878892495421075
32,120,0.7571092781921228,4.972758858889574,0.5337874994923671,0.10265945065805379,1.1674800467372795,0.003501418085458378,-0.07738352252403273,0.07554518088174521,-0.09114255777870615,-0.22463034355295045,0.06595213059432961,0.4994194918156912,0.1564636897838985,0.9684710135427306,-0.1039888497092761,-0.17933505699892216,-0.04275882509430327,0.07101569678634405,0.03339525325320817,0.10600147274109387,0.5088026940706186,0.1753022077865899,0.9274327936744279,1.2396354824615021,0.341290642763682,2.378568242588567,1.1287721338060994,0.7007296840388638,1.637901527778401,-0.07959431628502595,-0.11857854670568486,-0.04700812401429478,0.5481587750080508,0.11291133524947024,1.1396267014390713,0.2876626340284323,-0.07405278014174352,0.9569306459037278,-0.2101672818340982,-0.3299920545978239,-0.14172977731213907,-0.003318503258439402,-0.007389939231410001,0.00046305145311635034,0.011125939385965466,-0.027719639747908028,0.06389395224182712,0.5278353476276,0.35852666655555365,0.7302592546058199,-0.004879204897830883,-0.04156303824701657,0.03486892363677423,0.01563919022058447,0.007434231438480007,0.02369239494786598,-0.006746623476889605,-0.009627202041932226,-0.003996969548704024,-0.0003471262287348509,-0.001887102252318679,0.001305650594683054,0.00035315629405279956,-0.00031477198494637076,0.0010231116139523995,0.02399953085696325,0.015153883149614559,0.03227880783466389,0.003101897759673496,-0.005860916238937837,0.011686101295636037,-0.008555732415212939,-0.015372764257578334,-0.0018291673546385297,-0.07756934740270177,-0.13120669812972968,-0.023734192363917796,-0.028738113826451202,-0.039843007820503165,-0.017739303675092133,-0.012150489593235154,-0.018550715214223603,-0.007585502776200882,0.1570572409623613,0.10772080248454585,0.21416434014798147,-0.0049807222249607245,-0.00828402838980158,-0.0018655032493794957,0.002617792598903179,-0.0014420440909452736,0.00688358658226207,0.0014559475316976507,-0.014201610810899486,0.015674279003287668,0.04099585902877152,-0.0231790239631664,0.09932915838512904
33,120,1.3740098491311072,6.202893995970953,0.009541170718148351,-7.813346494610075e-05,0.01901878849991287,-3.7569055954615276e-05,-0.002224920183653012,0.002515756810898894,0.00046414249809458854,-0.00048569470682802303,0.0015132272860500962,0.001617544130810226,-0.0038440973386362504,0.00778148020724378,-0.05075310073637714,-0.06458392582503923,-0.03842825931128269,-0.028165011069116494,-0.03662391032334805,-0.02003879092672529,0.14170096937256554,0.07291254971913683,0.1973287498605593,0.07632360483209293,-0.019380775860821205,0.17903053217877946,-0.032477980048861356,-0.05704449641295165,-0.010710641080804634,1.6383233985708405,0.8550362226124465,2.561084373550451,-0.035509041883051394,-0.07907937638966056,0.02439675953200399,0.21030230743344874,0.002457954046355253,0.5514354898484696,0.4446441480346645,-0.04841646971607891,1.1663587615293607,1.381810374526928,0.2891580021129145,2.7886992311283634,0.20318492618389428,-0.027955746367418516,0.5191785862723678,0.13105800764945646,-0.04391693567818341,0.424240354274322,0.35522880461066964,0.08524913548647116,0.8605316123979477,-0.023321706941351293,-0.05278241510114943,0.0003758276040510789,1.0464080736196288,0.26452561239440303,1.7718982129132692,-0.08409876469134664,-0.2547209338648827,0.09970770196960102,0.07127044956820706,0.01212779384184008,0.163710301486038,-0.2569903241082405,-0.34332125551047893,-0.1751436162947599,0.05900353219282503,0.03369981772140212,0.09297100063782031,0.11363054056225035,0.0012593275002533732,0.27257698599089064,0.06263375272974372,0.030444967790196342,0.1083267290777682,0.018579838277461628,0.003330274470693743,0.04185625858449688,-0.0036206558967630067,-0.0075799912152191,7.456125769143307e-05,-0.007789987015227476,-0.019373906885739416,0.00026388657512143275,0.13610080430905025,0.06920047866917838,0.20687052698689518,0.19447453571483492,0.053564545388799165,0.3701634329208173,0.3858857131407907,0.2053559382422827,0.6034084314973248,0.04347149874083698,-0.12662260625550215,0.24221359741680015
34,120,1.7992621640364328,9.113755018205847,4.539285641598204,2.668344411039725,6.403868758028063,0.43701053922995925,0.07734239262916769,0.8218293789192104,0.7331889178371057,0.22137251053393509,1.3288272163161317,0.08237631027586759,-0.24560717295583645,0.5968205701284267,0.06873531800229102,0.04230743688880466,0.09816262417569915,-0.20288186192822952,-0.3028124452840226,-0.12622129663281761,0.00478298666421324,-0.0064194624451920385,0.015514581914564288,1.6088673216601213,1.0278952509273465,2.250599486646242,0.0382308558250467,-0.06760232427933564,0.12967287440473843,0.06441870564594865,0.04381860522708545,0.08750998555139329,0.03666625178108613,0.02223200607773227,0.054328860032061735,-0.04583033826978256,-0.0672550852932424,-0.025024195986334232,0.17225746270269154,0.12641535908759882,0.2171166367890934,0.035826685031255086,0.01715423728960256,0.05450609343747298,0.04418943996230761,0.029275598179859422,0.06405671042390168,0.2707306033621232,0.16863260137848557,0.38550072089458504,-0.5878412806118528,-0.9082731812167913,-0.3115258386762192,0.32046803973304727,0.1497444849892054,0.5361954819376115,0.0012775218269477288,-0.004822459305869415,0.0077180627240644156,0.4573202680175503,0.3196447913208976,0.6110552341584117,0.009455576663215955,0.0035223778841706613,0.014608780689692749,0.5967192682748039,0.4183665002618606,0.8033996408448244,0.009867018895844619,0.004343405676384767,0.015758224156064295,-0.001474111791079243,-0.005201731078559532,0.0022038481854057567,-0.026407396118156613,-0.041185747618049696,-0.011109267528130051,-0.004548391583375633,-0.007340736328042112,-0.0014452187103840182,-0.008310472507340213,-0.014487609247056147,-0.0029114496189868075,0.00361631988780573,-0.0011909377431341757,0.008112696994018433,2.3354118913412094,1.8092009966944655,2.8483677187065286,-2.4629863325506447,-3.0360489173761263,-1.886536468192935,0.5164631744225819,0.29200634132139386,0.7783897296572103,0.06686908492508034,0.00694746837563192,0.11341393502273908
35,120,-5.359984161456426,7.918070543065551,-0.0384991010883823,-0.052124090276774955,-0.024410043606573402,0.005316450167447329,0.002391837385172645,0.008709353882198534,2.0181558288633825,1.6765334769090017,2.378765631200125,-0.19792257205893596,-0.27029744544609763,-0.11529965417847658,-0.0816338442886869,-0.11895790497850005,-0.04733229061278203,0.5298869519184033,0.426505780685693,0.6307504627977809,-0.0027779829610760014,-0.006541754570789635,0.0014202336871918955,0.010864268677930037,-0.014122573127193996,0.030593370673013855,0.10524565024922292,0.07144918099666635,0.14701890912838284,-0.004545103743051489,-0.015013779937677704,0.006101414784012987,0.013692529934147993,0.0069820532381224135,0.02104045557634284,0.01749855565528075,0.007552353910480937,0.02782440264088412,0.059387030204137166,-0.011017313908475133,0.12462249313325935,0.054509217850863934,-0.0010607397758091472,0.1048971570050344,-0.07386684082448483,-0.10119016023973623,-0.04227285314351317,0.0334898304194212,-0.014865035296728214,0.08275521312840284,0.00708365862762245,0.004369334654814641,0.010451097154485375,-0.010592874981618176,-0.017926345583206663,-0.003917556453573828,-0.047636617246704795,-0.08955165026185567,-0.008270012058977348,0.5009874907322228,0.3989819067514812,0.6542825448582881,-0.11185859275671343,-0.137191032502451,-0.08121816798695361,-0.010443449936186273,-0.01586036147433333,-0.004882295443870437,1.1859867583960295,0.8663559879673024,1.5537177040645231,0.391014136831897,0.28404613365535625,0.49194602251751346,-0.37187688768220445,-0.6407742769503967,-0.10641432879259792,6.434954551545283,5.049928549105922,7.864459681618028,0.05819672915774087,0.011073211277835074,0.10907641550526026,-2.597162058763206,-3.194364940964927,-1.972971552925495,0.007900384463331042,0.0015573126531671733,0.016080157380420134,0.040280858799815175,0.015747895816651484,0.0696132598320643,0.0107861750992015,0.006099902830513505,0.015495256323871826,-0.018350588196578126,-0.027711516569446152,-0.008174998707836494
