layer,head,mean_plain_dla,mean_cipher_dla,mean_benign_dla,cipher_sensitivity,plain_minus_benign
16,9,-3.440065372983615,-0.1209540660182635,-0.09088233062066138,3.3191113069653513,-3.3491830423629536
16,12,-2.262250119696061,-0.10497625985493263,-0.1224199905525893,2.1572738598411285,-2.139830129143472
16,13,1.8983677204698324,0.06481185412655274,-0.07864178335294128,1.8335558663432796,1.9770095038227737
13,7,2.033104482293129,0.30366826206445696,0.05041833656529585,1.729436220228672,1.9826861457278329
16,10,1.6869364539782206,0.08133934186771512,0.013962048645286511,1.6055971121105055,1.672974405332934
23,9,0.6531850341086586,-0.19103349881867568,-0.007835227072549363,0.8442185329273343,0.6610202611812079
13,16,0.9063916890571515,0.15394170383612316,0.057903103933980064,0.7524499852210284,0.8484885851231715
27,20,-0.4951596899268528,0.21287007008989653,0.17535085409569243,0.7080297600167493,-0.6705105440225452
14,16,0.7511527127275864,0.07929123140250643,0.02958352443141242,0.6718614813250801,0.721569188296174
14,8,-0.6625988920529683,-0.0010278191960727174,-0.0792781845278417,0.6615710728568955,-0.5833207075251265
19,2,-0.660244649151961,-0.007273768625843028,-0.18306484616672,0.652970880526118,-0.477179802985241
14,10,0.7710798385242621,0.11868796795606613,0.07638879676427071,0.6523918705681959,0.6946910417599914
22,7,-0.6082949393739303,0.04354923799013098,-0.0702724124615391,0.6518441773640613,-0.5380225269123912
16,11,0.6752745967358351,0.0635959821442763,-0.03128800079381714,0.6116786145915588,0.7065625975296522
18,18,-0.5407322610418002,-0.0016955369229738912,0.012002024058407794,0.5390367241188263,-0.552734285100208
26,12,-0.509511838418742,0.025128805404528977,0.12620644633037348,0.534640643823271,-0.6357182847491155
16,17,-0.5119730312377214,-0.00580562336059908,0.12312628237996251,0.5061674078771223,-0.6350993136176839
21,4,-0.47879998621841274,0.023422892717644573,-0.0707161620647336,0.5022228789360573,-0.40808382415367916
18,20,0.4041336141216258,-0.05128625882789493,-0.0950461361091584,0.45541987294952074,0.4991797502307842
13,4,0.5687186977515618,0.12619189731776714,0.011463318516810735,0.44252680043379466,0.5572553792347511
30,19,-0.17987600566508868,0.1868096531058351,0.4184038095797102,0.3666856587709238,-0.5982798152447989
12,21,0.42697559638569754,0.06573460595682264,0.04422011588855336,0.3612409904288749,0.3827554804971442
22,22,-0.37861344575261074,-0.025940511592974266,0.07745643281377852,0.35267293415963646,-0.45606987856638925
16,3,-0.33484825942044455,0.009137230005580931,0.005319120715527485,0.34398548942602547,-0.34016738013597203
13,0,-0.5003606369098027,-0.16710123332838217,-0.28258236510058243,0.33325940358142053,-0.21777827180922027
13,13,0.4207099925726652,0.09158527832478285,0.07034632094049205,0.32912471424788237,0.3503636716321732
15,19,0.37016545987377564,0.04909791682536403,0.0059333940541061265,0.3210675430484116,0.3642320658196695
18,19,-0.2610272713471204,0.05138326718782385,0.06800714894973983,0.31241053853494427,-0.32903442029686025
27,19,0.11032932222199937,-0.19191275375584763,-0.12150090355426073,0.302242075977847,0.2318302257762601
26,19,0.1636612839375933,-0.13375468247880537,-0.15750565241711836,0.29741596641639867,0.32116693635471166
19,0,0.3060570977007349,0.04575060958353182,0.00696579876045386,0.2603064881172031,0.2990912989402811
24,1,-0.1633517307539781,0.08068469514449438,0.042580323619768025,0.24403642589847246,-0.20593205437374612
28,20,0.0868578473571688,0.3295231538514296,-0.031204409695540867,0.24266530649426082,0.11806225705270966
16,0,0.2963678005617112,0.06274889440586169,0.041686071843529744,0.23361890615584952,0.25468172871818145
29,11,0.021532116853632034,-0.20012189050515491,-0.07738723289221525,0.22165400735878696,0.09891934974584728
21,3,0.154611722069482,-0.0653516628779471,-0.07593468650011345,0.21996338494742912,0.23054640856959546
16,14,0.23079563345139226,0.01092487460312744,0.03781886072829366,0.21987075884826482,0.1929767727230986
30,11,-0.2801120415329933,-0.072951308482637,-0.12587576527148486,0.2071607330503563,-0.15423627626150843
14,4,-0.2438584932126105,-0.03852524976246059,-0.04735304657369852,0.20533324345014992,-0.19650544663891198
22,15,0.21012446824461223,0.011322856659535318,0.017583672779922684,0.19880161158507692,0.19254079546468955
21,12,0.1295243055249254,-0.05884719065700968,-0.028607851216414324,0.18837149618193508,0.1581321567413397
14,22,-0.22452413942664862,-0.043291548080742356,-0.027928076513732473,0.18123259134590625,-0.19659606291291615
11,20,0.2688853907088439,0.08948469180613756,0.21363137066364288,0.17940069890270632,0.055254020045201
26,14,0.21432617725804448,0.038266692248483496,-0.13727991781585538,0.17605948500956098,0.35160609507389984
17,12,-0.12691639834083618,0.047883752981821695,0.026003579054183015,0.17480015132265786,-0.1529199773950192
23,20,-0.13028943437772492,0.03809437700547278,-0.0370879641501233,0.1683838113831977,-0.09320147022760161
14,13,0.2063365697550277,0.0388879063539207,0.031014407569697748,0.167448663401107,0.17532216218532995
27,18,0.15147690513792136,-0.013823802897240967,0.0019440060830675065,0.16530070803516234,0.14953289905485387
15,5,0.1296516054154684,-0.035168569892024,0.10219633779488504,0.1648201753074924,0.027455267620583368
9,3,0.21450813754151266,0.05063956342637539,0.12230492491895954,0.16386857411513728,0.09220321262255311
14,9,-0.05218863552436233,0.10920165988306205,-0.03503998585122948,0.1613902954074244,-0.01714864967313285
25,12,-0.08426589345520673,0.07646211236715317,0.043789612560067324,0.1607280058223599,-0.12805550601527405
18,1,-0.23052564579993487,-0.07713911455745498,-0.14541785633191467,0.1533865312424799,-0.0851077894680202
29,19,0.10756573154746245,-0.042951800115406516,-0.11460663615725934,0.15051753166286896,0.2221723677047218
17,13,0.1556278388015926,0.005867558347138886,-0.019462248054333033,0.1497602804544537,0.17509008685592561
13,12,0.2056781228631735,0.058613590073461334,0.04696006098141273,0.14706453278971215,0.15871806188176077
22,14,-0.01745656788116321,0.12878979369997978,0.00811752814721937,0.146246361581143,-0.02557409602838258
30,17,0.022609404133011896,0.16826064586639405,0.009836133530673882,0.14565124173338215,0.012773270602338014
10,0,-0.23107512804369132,-0.08729461530844371,-0.15290393580993017,0.1437805127352476,-0.07817119223376115
16,18,0.17025560457259417,0.026641799323260783,-0.029350023817581436,0.1436138052493334,0.1996056283901756
19,20,0.17081020356466373,0.02769694823461274,-0.021041571896057577,0.14311325533005098,0.1918517754607213
18,4,-0.1005285624259462,0.042530111689120534,-0.00892354305057476,0.14305867411506673,-0.09160501937537144
29,0,-0.22733000221972663,-0.3701386392116547,-0.2952936547808349,0.14280863699192806,0.06796365256110828
30,23,0.08608909033549329,-0.05598225882276893,0.0030463211432409784,0.14207134915826222,0.08304276919225231
15,20,0.13181287531430522,-0.009811255459984144,0.02625412947575872,0.14162413077428937,0.10555874583854649
9,21,-0.04322805170280238,0.09655407927930355,-0.04283778266981244,0.13978213098210593,-0.00039026903298994275
22,10,0.0291503172290201,0.16583446512619654,0.0022206432787546266,0.13668414789717645,0.02692967395026547
29,10,0.09905712617716442,-0.037548885711779195,-0.06774284113974621,0.1366060118889436,0.16679996731691063
15,1,0.1822913391981274,0.04740759649624427,-0.003029036754742265,0.13488374270188314,0.18532037595286965
15,14,0.18838618095032872,0.053872578560064235,0.042237998964264986,0.1345136023902645,0.14614818198606372
15,3,-0.07751813906555374,0.05428712860060235,-0.11552609821471076,0.13180526766615608,0.038007959149157014
11,12,-0.11468448337788383,0.01623315130127594,-0.10945253882867595,0.13091763467915976,-0.005231944549207876
20,15,-0.06239469745972504,0.06657784963026643,-0.10771845335451265,0.12897254708999148,0.045323755894787605
26,7,0.021291542313216876,0.15012210880716642,0.004950613161781803,0.12883056649394956,0.016340929151435073
22,18,-0.05738705692347139,0.07084967705110709,-0.09369538452786703,0.12823673397457847,0.036308327604395646
20,13,-0.026698956040975948,0.10093599688261748,-0.039927212573820724,0.12763495292359342,0.013228256532844776
18,9,0.13722098836054406,0.009910331255135437,0.060518652266667534,0.12731065710540862,0.07670233609387653
14,7,0.08428621181907753,-0.042649663425982,0.015493640893449385,0.12693587524505953,0.06879257092562814
17,9,0.141460045077838,0.01770609199690322,-0.017434410110581666,0.12375395308093477,0.15889445518841966
12,9,-0.05124083229651054,0.07104835268110037,-0.011448810420309504,0.1222891849776109,-0.03979202187620103
18,5,0.1766661894818147,0.05587196222816904,0.06387456922481458,0.12079422725364566,0.11279162025700012
31,19,-0.04555068682723989,-0.16531530246138573,-0.06920582184878489,0.11976461563414584,0.023655135021545003
12,13,0.08679355250205845,-0.0324126907158643,-0.03734419040459518,0.11920624321792275,0.12413774290665364
22,6,0.10397426088651021,-0.01496536995206649,0.0030427145053787776,0.1189396308385767,0.10093154638113143
31,13,0.07766622433749339,0.1964703490336736,0.0849619788893809,0.11880412469618022,-0.007295754551887509
28,13,-0.10446929894387721,0.00963593286772569,-0.08803583676926792,0.1141052318116029,-0.016433462174609295
16,1,-0.15652216269324223,-0.04278948111459613,-0.033147125815351806,0.1137326815786461,-0.12337503687789042
28,17,-0.016038328335465243,0.09604373754312595,-0.12319733759698769,0.1120820658785912,0.10715900926152244
27,10,0.046862578066065905,0.15245117011169593,0.08719355845047781,0.10558859204563002,-0.04033098038441191
26,13,0.11654305200402935,0.014462098712101579,-0.007775842196618517,0.10208095329192778,0.12431889420064787
16,15,0.10795234841449806,0.006014012794670028,-0.007657203582736353,0.10193833561982804,0.11560955199723441
10,16,0.019037548600075147,-0.08181802319983641,-0.028191797718560944,0.10085557179991156,0.047229346318636095
31,18,-0.061560452306487906,-0.1624058499932289,-0.08407284886731456,0.100845397686741,0.022512396560826653
10,8,0.12672569523565472,0.026151792130743465,0.019553210337956747,0.10057390310491125,0.10717248489769797
25,13,-0.061407966531502704,0.039026432142903404,0.02042555623726609,0.10043439867440611,-0.08183352276876879
19,18,0.09892381268242995,-0.0006501912682627638,0.009353609891453138,0.09957400395069271,0.08957020279097681
14,21,0.0736616904847324,-0.0238565343276908,0.04667875530819098,0.0975182248124232,0.026982935176541413
30,16,-0.09297639828485747,-0.19015796271463234,-0.21161281059806544,0.09718156442977487,0.11863641231320797
17,2,-0.16800176991770666,-0.07090620736901959,-0.06390433498503019,0.09709556254868706,-0.10409743493267647
25,21,-0.015618724209101249,0.07951459377072752,-0.016527398145990448,0.09513331797982877,0.0009086739368891986
29,15,-0.00928289865842089,0.0850147650577128,0.0014330629453373452,0.09429766371613368,-0.010715961603758236
18,0,0.08604219881041596,-0.008178900019265712,0.0009769007524785896,0.09422109882968167,0.08506529805793736
25,9,-0.032990408564607304,0.05918633944044511,-0.0013485773427722354,0.0921767480050524,-0.031641831221835066
19,4,-0.02027364574217548,0.07152802186707656,-0.008493907749652863,0.09180166760925204,-0.011779737992522618
19,6,-0.09476773850619793,-0.004570670255149404,-0.010221574684449782,0.09019706825104853,-0.08454616382174815
14,12,-0.005333710124250502,0.08476562189559142,-0.008358033245895059,0.09009933201984192,0.003024323121644557
5,4,0.0842889119250079,-0.00525678222378095,0.08232147467012206,0.08954569414878885,0.001967437254885837
26,2,0.13271416062489153,0.04350268521035711,0.00039724601665511725,0.08921147541453442,0.1323169146082364
22,8,0.07816178109496832,-0.009933914461483558,-0.014557438894795875,0.08809569555645189,0.0927192199897642
14,2,0.06889983914637317,-0.018889301118906587,0.024151268902157123,0.08778914026527976,0.044748570244216045
17,7,0.1398186338910212,0.052914543201526006,-0.02915970723843202,0.0869040906894952,0.16897834112945323
22,16,0.10735948809888214,0.021066953986883165,0.031182040970694894,0.08629253411199897,0.07617744712818725
16,7,0.06206942964345217,-0.024167203266794484,0.012081797120238965,0.08623663291024665,0.049987632523213206
28,15,0.0067055205271268885,-0.07790275209893784,-0.017460642165193954,0.08460827262606473,0.024166162692320844
26,1,-0.11170989403811594,-0.027297633762160937,0.028647079043245562,0.08441226027595501,-0.1403569730813615
14,17,-0.10272349530520539,-0.018320530420169234,-0.02724827763158828,0.08440296488503615,-0.0754752176736171
27,5,0.04816124395583756,-0.03621405287024875,0.03586668574328845,0.08437529682608631,0.012294558212549114
18,10,0.12324376111694922,0.04034239004055659,0.006206963285027693,0.08290137107639263,0.11703679783192153
8,3,-0.0001917862721408407,0.0825726623336474,-0.010100275394506752,0.08276444860578824,0.009908489122365912
11,8,-0.2013214965350926,-0.11967447369048993,-0.003775960812345147,0.08164702284460267,-0.19754553572274744
21,13,-0.06893152888321007,0.011555215235178669,-0.04783282791031525,0.08048674411838874,-0.02109870097289482
16,23,-0.07009320054688335,0.010355854767840355,0.003996944489578406,0.08044905531472371,-0.07409014503646176
22,12,0.010246020206250251,0.0892450986430049,-0.051331225366448054,0.07899907843675465,0.06157724557269831
13,23,-0.29131534410019716,-0.2143531480183204,-0.15071049829324087,0.07696219608187677,-0.14060484580695629
13,5,-0.03216275131950776,0.04438854164133469,0.017776546402213475,0.07655129296084245,-0.04993929772172123
28,4,0.0690241311211139,-0.007138490816578269,0.008690084229844313,0.07616262193769217,0.06033404689126959
14,3,0.030029823157625892,-0.04527204064652324,-0.14710630516832074,0.07530186380414913,0.17713612832594663
23,10,-0.07454167903245737,-9.032527450472116e-05,0.01862630566271643,0.07445135375795264,-0.0931679846951738
9,2,0.02757489583843077,0.10189876146614552,0.02391099805633227,0.07432386562771474,0.0036638977820985
21,5,0.16411551752438147,0.09035678195456663,-0.009541466548883666,0.07375873556981484,0.17365698407326513
20,9,-0.08345436888436476,-0.010766923002665862,-0.06549016339704394,0.0726874458816989,-0.01796420548732082
13,19,0.0514702075937142,-0.02030449725377063,-0.018555702480565137,0.07177470484748483,0.07002591007427933
12,8,0.1929537448255966,0.12132643150786558,-0.05438824961505209,0.07162731331773102,0.2473419944406487
18,22,0.09512232267297804,0.023893220447159063,-0.053996149877396725,0.07122910222581898,0.14911847255037478
18,21,0.06207731940473119,-0.008726483011074985,-0.004436531175936883,0.07080380241580618,0.06651385058066807
30,14,0.015773125660295286,-0.05480429865419865,0.003348717997626712,0.07057742431449393,0.012424407662668575
13,21,0.23185463026165962,0.16249671019613743,0.015574692926990489,0.06935792006552219,0.21627993733466913
21,23,-0.014801776207362612,0.05440384019166231,-0.03867001614999026,0.06920561639902492,0.023868239942627646
19,19,-0.013370830845087767,0.0552910925510029,-0.07037886566637705,0.06866192339609067,0.057008034821289286
27,0,-0.09768092381612709,-0.029682120432456334,0.014025314978789538,0.06799880338367076,-0.11170623879491662
19,11,-0.015783656163451572,0.05184390510742863,-0.014907897927332669,0.06762756127088021,-0.000875758236118903
15,13,0.014939002715982497,-0.05137069482977192,-0.008075603178197829,0.06630969754575441,0.023014605894180327
31,23,0.020087215288852652,-0.04574076517795523,0.03187715119371812,0.06582798046680788,-0.011789935904865465
21,21,0.028895381085264186,-0.03634126739925705,-0.007636722262638311,0.06523664848452124,0.036532103347902495
9,18,-0.011910501382468889,0.05269536382208268,-0.010162556427530944,0.06460586520455157,-0.0017479449549379442
8,5,0.0337760307903712,-0.029761888971552252,0.026119278317006927,0.06353791976192345,0.007656752473364271
12,12,-0.03419534309456746,0.02929601278156042,-0.010524101265279267,0.06349135587612788,-0.023671241829288196
10,14,0.0856471118827661,0.022372451478925845,0.050583413332545506,0.06327466040384025,0.03506369855022059
14,19,0.02824490344307075,0.09120699930936098,-0.11240816078304003,0.06296209586629023,0.1406530642261108
8,8,-0.09541817015657822,-0.03267298419959843,-0.0816250991076231,0.06274518595697978,-0.013793071048955122
18,15,0.05286395535028229,-0.009830303645382324,-0.012922431101712088,0.06269425899566462,0.06578638645199439
11,13,0.10009945727263887,0.0374078587628901,0.02712228854652494,0.06269159850974877,0.07297716872611393
12,20,0.0009035569926102956,0.06281356948117416,0.0041817281705637775,0.06191001248856386,-0.0032781711779534817
11,9,-0.05140516691220303,-0.11330791935324669,-0.07920199033493797,0.06190275244104366,0.027796823422734936
15,16,0.06673928060142013,0.00510872575493219,0.0016213548292095463,0.061630554846487946,0.0651179257722106
30,20,-0.26140708482513825,-0.19989113056411345,-0.21981821845596036,0.0615159542610248,-0.041588866369177885
12,2,-0.08602617013578613,-0.025010131873811285,-0.11896104818830887,0.061016038261974846,0.03293487805252274
27,22,0.108057462486128,0.16893464140594006,0.2701662696277102,0.06087717891981205,-0.16210880714158216
31,20,-0.03179817603280147,0.028862665826454758,-0.02847712435759604,0.06066084185925623,-0.0033210516752054282
13,15,-0.09484696239233018,-0.03431372805498541,-0.00662549432211866,0.06053323433734477,-0.08822146807021151
18,23,-0.08872808859062692,-0.0284527229766051,0.0025860453005104016,0.06027536561402182,-0.09131413389113732
10,5,0.027954427412866304,-0.03135076177616914,0.030839332359998178,0.05930518918903545,-0.0028849049471318736
22,4,0.004842225838607798,-0.05429368410259485,-0.07411663207846383,0.05913590994120265,0.07895885791707163
26,9,0.046972707682289186,-0.01133811310864985,0.02289003951397414,0.058310820790939036,0.024082668168315047
25,4,0.015084865833826674,0.07261415980756283,-0.0030969608361677576,0.057529293973736156,0.018181826669994433
18,6,-0.0073311874109397955,0.04911078056320548,0.007887651689816266,0.056441967974145274,-0.015218839100756061
29,2,-0.09741732763747374,-0.041003596410155295,-0.05374751976535966,0.056413731227318444,-0.04366980787211408
12,23,0.06636703691910953,0.01053796016300718,0.017169273439018678,0.05582907675610235,0.04919776348009085
29,18,0.17975697396323084,0.23505106133719286,0.017248870075369873,0.05529408737396202,0.16250810388786097
25,23,0.0524221324827522,-0.002831887461555501,0.013393410248681903,0.0552540199443077,0.0390287222340703
28,5,-0.024605570128187537,-0.07970783853282531,-0.012285368237644433,0.05510226840463778,-0.012320201890543104
17,0,0.049683677350791794,-0.005346057734762629,-0.006180654986140629,0.05502973508555442,0.05586433233693242
17,6,-0.08423522738739848,-0.029420109186321496,-0.051873429127347964,0.054815118201076984,-0.03236179826005052
31,6,-0.06819225897391637,-0.013721714448183774,-0.039157572745655976,0.05447054452573259,-0.029034686228260394
26,11,-0.00400320344682162,0.050432192534208296,-0.029772430456553898,0.054435395981029915,0.025769227009732276
10,6,-0.029545220159343445,0.023759997465337315,-0.03218523325049318,0.05330521762468076,0.002640013091149737
29,1,-0.000353449951702108,0.051773672985533876,0.023304583822997906,0.05212712293723598,-0.023658033774700014
28,0,-0.05650500101813426,-0.005659960804041475,-0.009944888910589119,0.05084504021409278,-0.04656011210754514
31,10,0.02137436157402893,0.07186778827259938,0.04750283587879191,0.050493426698570446,-0.026128474304762977
15,11,-0.010377141437493265,-0.06086052358150482,-0.05487560935628911,0.05048338214401156,0.044498467918795845
29,12,0.002345439093187451,0.05263671521097422,0.0022889068194975456,0.05029127611778677,5.653227368990557e-05
18,7,0.06389056757713357,0.013794875141077986,0.007860856413996468,0.050095692436055585,0.056029711163137104
9,14,-0.043979032141699764,0.0060721627320162955,-0.04846262029216935,0.05005119487371606,0.004483588150469585
10,17,0.03055474782983462,0.08045199364423752,0.03886307724363481,0.0498972458144029,-0.008308329413800188
12,1,0.02300003620136219,-0.026699696465705833,0.020499206650614117,0.04969973266706802,0.0025008295507480717
15,12,0.10899098822070906,0.0593225765042007,0.006996273595723324,0.04966841171650836,0.10199471462498573
16,6,-0.033912194256360335,0.015561893741444994,-0.036853294780788325,0.04947408799780533,0.002941100524427989
22,0,-0.02486756390814359,0.024566695427832505,0.01073982377226154,0.049434259335976095,-0.03560738768040513
16,5,-0.04757973293308169,0.0017757152517636618,-0.00355738674212868,0.04935544818484535,-0.04402234619095301
31,22,-0.0170942647382617,-0.06570248727997144,-0.05320301987230778,0.04860822254170974,0.03610875513404608
21,17,0.0697902997645239,0.0211891121774291,0.013622467768921826,0.04860118758709481,0.056167831995602074
30,22,-0.028327018616255372,0.02006273011987408,-0.015389932610560209,0.04838974873612945,-0.012937086005695164
20,23,-0.0025393480056663973,0.04564711060374975,0.0024567858742860454,0.048186458609416144,-0.004996133879952442
23,23,-0.05454339435867344,-0.00660122656263411,0.00758972671853068,0.04794216779603933,-0.06213312107720412
9,6,-0.013729333854280412,-0.06102986934905251,-0.019004669467297692,0.047300535494772096,0.00527533561301728
19,3,0.022507777080560724,0.06964813902353247,0.012258833991169619,0.04714036194297174,0.010248943089391106
22,21,0.16135057901653152,0.11470927478124698,-0.012066235742531716,0.046641304235284536,0.17341681475906323
25,10,0.0690562063207229,0.022845495368043582,0.0382541395102938,0.04621071095267932,0.030802066810429102
16,19,-0.003146416872429351,0.042924377430851264,-0.021857043945540985,0.046070794303280614,0.018710627073111635
21,20,-0.03017377033829689,0.01565759570027391,-0.03223314036149531,0.0458313660385708,0.0020593700231984237
17,1,0.0018248916002145657,0.04720761061956485,0.04118257406322907,0.04538271901935028,-0.0393576824630145
18,14,0.039938036088521284,-0.004872785640570024,0.0005648099390479426,0.04481082172909131,0.03937322614947334
31,9,0.03434937090302507,0.07902311471601327,0.04587812162935734,0.0446737438129882,-0.01152875072633227
6,7,-0.012269303353969007,0.0321791662213703,-0.034655469671512645,0.04444846957533931,0.022386166317543636
10,15,0.13928162887071568,0.0951688309510549,0.030698838589402536,0.04411279791966079,0.10858279028131315
27,2,-0.14155665561556816,-0.09751311186701059,-0.048874286729066324,0.04404354374855757,-0.09268236888650183
9,10,-0.06459007769202192,-0.02058022399044906,-0.06987030717233816,0.04400985370157286,0.0052802294803162425
29,5,0.01868227108886155,-0.025110608898103237,-0.016852767350307354,0.04379287998696479,0.0355350384391689
28,19,-0.08554319339649132,-0.041806568810716274,0.04377991425183912,0.04373662458577504,-0.12932310764833044
22,2,0.014215880065845947,-0.02927200384438038,-0.028558811553133032,0.04348788391022633,0.04277469161897898
14,11,0.011441999037439624,-0.03180841353411476,-0.018434011575300245,0.04325041257155438,0.029876010612739867
15,21,-0.0208743192080874,0.022256581531837582,-0.05310981459915638,0.04313090073992498,0.032235495391068986
29,17,0.0050563173814831925,-0.037908393035953246,-0.003545121474113936,0.042964710417436436,0.008601438855597129
15,22,-0.10794393902954956,-0.0650688464132448,-0.008395016067273295,0.04287509261630476,-0.09954892296227627
8,13,0.014074712463965019,0.056583111236492796,-0.002314373862463981,0.04250839877252778,0.016389086326429
25,0,-0.005595212186259839,-0.04806983734791478,-0.002401293742392833,0.04247462516165494,-0.0031939184438670057
21,18,0.07262580794437477,0.03029247069110473,0.009473100199829786,0.04233333725327004,0.06315270774454498
24,21,0.00985447532730177,0.0518100015198191,0.016236093017505483,0.04195552619251733,-0.006381617690203713
12,22,-0.035587947357756396,-0.07746202206859985,-0.0353726844342115,0.04187407471084346,-0.00021526292354489412
31,12,-0.15339565332978963,-0.19523471780121326,-0.19050427650411925,0.04183906447142363,0.037108623174329614
19,1,0.01254788707010448,0.05393976867198944,0.0008077119127847254,0.041391881601884964,0.011740175157319755
19,7,0.09769936390221119,0.05641829629118244,0.06320694408689936,0.04128106761102875,0.03449241981531183
26,10,0.003767209474851067,-0.0374812763184309,-0.0063449830166064205,0.04124848579328197,0.010112192491457488
20,7,-0.03700447110459208,0.0041896063912039,-0.011930066372345512,0.04119407749579598,-0.02507440473224657
12,6,-0.06158702893493076,-0.020526992700373132,-0.039835563379650316,0.04106003623455763,-0.021751465555280444
10,4,-0.022544905294974646,0.01844044862470279,-0.026281380391446875,0.040985353919677434,0.003736475096472229
27,9,0.10090082846581935,0.06090436289086938,0.0225038182688877,0.03999646557494997,0.07839701019693165
29,16,0.028456886252388357,0.06833225766507288,0.05502900696980457,0.03987537141268452,-0.02657212071741621
20,14,0.09991869468552371,0.06034189003209273,0.03285641181282699,0.039576804653430976,0.06706228287269672
8,2,0.02984498438114921,0.06887169554829597,0.021471039353248973,0.03902671116714676,0.008373945027900238
10,9,0.031032004626467824,0.06993743708978097,-0.013189778399343292,0.03890543246331314,0.04422178302581112
25,17,0.010109673727614184,0.049003051283458866,0.01556132270100837,0.03889337755584468,-0.005451648973394186
22,17,-0.059817357050875826,-0.02115649568537871,-0.023578705301042648,0.038660861365497116,-0.03623865174983318
31,16,-0.04515154439335068,-0.007216295510685692,-0.043665528871739905,0.03793524888266499,-0.0014860155216107757
26,22,-0.011587835305059949,0.026284880004823208,0.0017412544538577398,0.037872715309883155,-0.013329089758917688
12,16,0.03650998101414492,-0.0008982656213144462,0.00561759895257031,0.037408246635459365,0.03089238206157461
24,19,-0.003148455871269107,-0.04025320547322432,-0.01472466971220759,0.037104749601955214,0.011576213840938484
25,2,0.007573861352284439,-0.029222587891854345,0.00795995257794857,0.03679644924413879,-0.00038609122566413134
12,14,-0.022006585045407215,0.014745233774495622,0.04793379416223616,0.03675181881990284,-0.06994037920764337
13,2,0.06902291025035083,0.03230541795492172,-0.03359247680443029,0.03671749229542911,0.10261538705478113
31,8,-0.09368346485619744,-0.05699725858867168,-0.06994756671289602,0.03668620626752576,-0.023735898143301418
4,3,0.03198448287633558,-0.004698562404761712,0.030498340236954392,0.036683045281097296,0.0014861426393811897
31,4,-0.033950178014735384,0.00235032372099037,-0.03380303221444289,0.03630050173572576,-0.0001471458002924933
25,15,-0.04995840248690608,-0.013928688468877227,-0.044634693531164275,0.03602971401802885,-0.005323708955741802
8,10,0.005895905623522897,0.041888793387139835,-0.00047210441553033886,0.035992887763616935,0.006368010039053236
26,0,-0.02053334089772155,0.015318118866222601,-0.056012441559384264,0.03585145976394415,0.03547910066166271
16,4,0.038266119520024705,0.0025440948743683596,-0.01318312641621257,0.035722024645656346,0.05144924593623727
23,11,-0.008113805303582921,0.027489787340164183,0.038264959243436654,0.0356035926437471,-0.04637876454701957
15,23,0.07237504999890614,0.1079025795062383,0.003194396779872477,0.035527529507332165,0.06918065321903366
14,0,0.021890532217609386,0.05734558229645093,-0.01980870187593003,0.035455050078841546,0.041699234093539414
21,9,-0.04316029169907173,-0.007880723530737063,-0.015550204085108514,0.03527956816833466,-0.027610087613963212
25,16,-0.035625025148813924,-0.000659029259501646,-0.014561713176469008,0.034965995889312276,-0.021063311972344914
13,9,0.016146198594166588,0.05107821822166443,0.02329626978607848,0.03493201962749784,-0.0071500711919118935
20,20,-0.0001632143937361737,0.0347267687941591,-0.018435005568123112,0.03488998318789527,0.018271791174386938
17,23,0.01625982820211599,-0.018342682649381457,0.004364106866220633,0.034602510851497445,0.011895721335895358
25,1,0.026447468165618677,0.06086769364774227,0.03955158278113231,0.03442022548212359,-0.013104114615513637
17,10,-0.07971693916867177,-0.04541366513197621,-0.03299589899834245,0.034303274036695565,-0.04672104017032932
15,9,-0.015737698537607987,-0.049969513434916735,-0.06135354409149538,0.03423181489730875,0.04561584555388739
18,13,-0.012043447637309631,0.022037376603111624,-0.00929055237211287,0.034080824240421255,-0.0027528952651967604
12,17,-0.059581256471574306,-0.025828154540310302,-0.06128512608508269,0.033753101931264004,0.0017038696135083867
5,9,0.027539263106882574,-0.006031384202651679,0.025239510818695028,0.033570647309534254,0.0022997522881875454
9,16,0.04370238839959105,0.010331481978452454,0.04799908377074947,0.033370906421138595,-0.00429669537115842
9,22,-0.04970364191879829,-0.0826710474366943,-0.03554263869300485,0.032967405517896016,-0.014161003225793438
22,19,-0.0021854874580943336,-0.034816329010451834,0.00027924971557998407,0.0326308415523575,-0.002464737173674318
24,5,0.0426599780175214,0.07514462396502494,-0.10997251596612236,0.03248464594750354,0.15263249398364376
31,11,0.05898691702944537,0.09093976908673843,0.0507884150914227,0.031952852057293056,0.00819850193802267
11,4,-0.013040893689806883,-0.04463019430016478,-0.002235044773745661,0.0315893006103579,-0.010805848916061222
14,18,0.0021078936910877625,-0.029193289771986503,-0.006010638610071813,0.03130118346307426,0.008118532301159576
8,14,-0.037253810783537726,-0.006016594272417327,-0.034228829698016244,0.0312372165111204,-0.0030249810855214818
16,21,-0.04731718924206992,-0.016212675565232832,-0.013405912912761171,0.03110451367683709,-0.03391127632930875
14,20,0.0164211958530359,-0.014628084066013495,0.024320074120381226,0.03104927991904939,-0.007898878267345328
20,11,0.025489362534911682,-0.005351337844816347,0.002190209703985602,0.03084070037972803,0.02329915283092608
31,14,0.0665415885547797,0.03614337360486388,0.06166597899670402,0.030398214949915812,0.004875609558075672
25,8,0.007991407580751305,0.038187122189750275,0.0047828239175335815,0.030195714608998968,0.003208583663217724
5,5,-0.007773196693354596,0.022205227186592916,-0.01956861311336979,0.02997842387994751,0.011795416420015196
8,4,0.01113873179613923,-0.018614857108332217,-0.007161763283268859,0.029753588904471447,0.018300495079408088
26,3,0.03246063604019582,0.061952822872747976,0.048107595966818434,0.029492186832552156,-0.015646959926622614
28,21,0.003917403255278866,0.03314636394691964,0.009730573672762451,0.02922896069164077,-0.005813170417483585
10,19,0.05742411520332098,0.02821454225728909,0.017629535278926294,0.02920957294603189,0.03979457992439469
23,14,-0.028328006497273843,0.0007722564740106463,-0.011588993951833496,0.02910026297128449,-0.016739012545440347
23,1,0.007100300413245956,0.03617506697773933,0.048698803037405015,0.029074766564493378,-0.04159850262415906
13,6,0.002320652424047391,-0.025847695829967657,-0.07226433341468995,0.028168348254015048,0.07458498583873734
24,7,0.03741081677532444,0.009252500111081948,0.006768544128863141,0.028158316664242497,0.030642272646461303
14,23,-0.010949735948815941,0.017188981648844977,-0.04191394003573805,0.028138717597660918,0.030964204086922107
23,16,-0.011282888574836154,0.016831070727979142,0.01056878933450207,0.028113959302815295,-0.021851677909338223
7,18,0.1308257609605789,0.158918355529507,0.1121383880265057,0.028092594568928098,0.0186873729340732
28,18,0.03805282033669452,0.00996067594193543,0.03218968051563328,0.028092144394759093,0.005863139821061243
22,3,-0.012445341848069802,0.015639891273652513,0.0032464979604507485,0.028085233121722314,-0.01569183980852055
8,16,0.05407081168765823,0.08215014909704527,0.05411437648969392,0.028079337409387034,-4.356480203569074e-05
6,0,0.008861534348883045,0.03686632247020801,0.009419908384249236,0.028004788121324967,-0.0005583740353661912
30,12,-1.4758003332341712e-05,-0.0277722283732146,-0.01854284996710097,0.02775747036988226,0.018528091963768627
2,5,0.017249135153057673,-0.010467696360622843,0.017952358691642682,0.027716831513680516,-0.0007032235385850093
29,3,0.00793666234239936,-0.01970175499251733,-0.0038536973181180654,0.02763841733491669,0.011790359660517426
15,7,-0.013933008171928425,0.013560174281398456,-0.0003429739891240994,0.02749318245332688,-0.013590034182804325
12,15,0.05016469781597455,0.022792795905843377,0.02868399794291084,0.027371901910131176,0.021480699873063714
30,6,-0.03800453861476853,-0.010688088519964367,-0.046441388425106804,0.027316450094804164,0.008436849810338272
20,0,0.015824982586006325,0.04304872692252199,0.002123257098719478,0.027223744336515667,0.013701725487286848
10,22,0.011772275211599965,0.0388020607487609,-0.0377124875318259,0.027029785537160934,0.049484762743425864
14,6,0.004914253368042409,-0.021799247618764638,-0.0669320074104083,0.026713500986807047,0.07184626077845072
7,19,0.04201566757789502,0.015354354536005607,0.045787650432127215,0.026661313041889415,-0.003771982854232192
21,2,0.002832234613985444,0.029422362459202607,0.002372076767884816,0.026590127845217162,0.00046015784610062803
24,20,-0.004409064814293136,-0.030404791235923767,0.026396437532578906,0.02599572642163063,-0.030805502346872043
12,18,-0.024623317139533658,0.0011605869086148838,-0.030371958094959458,0.02578390404814854,0.0057486409554258
15,4,0.003246466101457675,0.029015716708575685,-0.055841185610430936,0.02576925060711801,0.05908765171188861
27,16,0.029754572105593978,0.004231722260980556,0.009716786760448789,0.02552284984461342,0.02003778534514519
2,23,0.019255719054490326,-0.006193827255629003,0.01864891465714512,0.02544954631011933,0.0006068043973452078
20,1,0.006772051756464255,-0.01867159230945011,0.008011216141555148,0.025443644065914366,-0.0012391643850908924
26,6,-0.0240561404672917,0.0012585026600087682,0.02378371631105741,0.025314643127300467,-0.04783985677834911
20,22,0.10241803665024539,0.07711364142596722,-0.032671529520303014,0.025304395224278173,0.1350895661705484
21,6,0.04067941315394516,0.015584524418227375,0.03544509808222453,0.025094888735717785,0.005234315071720633
9,0,0.0561443578141431,0.03144024397867421,0.07732005845755338,0.02470411383546889,-0.021175700643410282
16,22,-0.02315113655446718,0.001314563793130219,-0.005549880386873459,0.0244657003475974,-0.01760125616759372
31,15,-0.0038888231851160527,0.020551617940266928,-0.001575042229766647,0.024440441125382982,-0.002313780955349406
27,13,0.04350676548201591,0.06787762042755882,0.10859664282761514,0.024370854945542912,-0.06508987734559923
30,5,0.024070965079590678,0.04830175014212727,0.03039509157339732,0.024230785062536595,-0.006324126493806641
10,11,0.022950638124408822,-0.0011064868808413546,0.0191335444804281,0.024057125005250177,0.0038170936439807235
17,17,0.00991426253070434,-0.014013876661192626,-0.0037593155245607096,0.023928139191896965,0.01367357805526505
17,3,0.0585094042122364,0.034666526271030305,-0.015950479094559947,0.023842877941206098,0.07445988330679634
15,18,-0.0166628700409395,0.0071149469857725006,-0.02302531332243234,0.023777817026712,0.006362443281492838
9,17,-0.05978530167291562,-0.03618188121666511,-0.060030307589719695,0.02360342045625051,0.00024500591680407663
29,22,0.027860118192620575,0.00428314971892784,-0.03785064034163952,0.023576968473692735,0.06571075853426009
16,20,-0.08569343752848606,-0.06233577070136865,-0.003079525001036624,0.02335766682711741,-0.08261391252744943
24,8,-0.0020764991815667598,-0.02534776891892155,-0.006334082669733713,0.02327126973735479,0.004257583488166954
23,22,-0.021558872913010417,0.0016689737987083694,-0.011296748323366046,0.023227846711718788,-0.01026212458964437
30,3,-0.05144936601476123,-0.028476155277652047,-0.0636375281959772,0.022973210737109184,0.012188162181215975
21,15,0.0014453163060049216,0.02413190477527678,0.07227222841853896,0.022686588469271858,-0.07082691211253404
3,19,-0.020737076934892684,0.0017999464025100073,-0.0214308068389073,0.022537023337402692,0.0006937299040146172
9,19,-0.01691346348573764,0.005581587071840962,-0.023042034536289672,0.022495050557578604,0.006128571050552031
10,13,0.0016817803203593939,0.024134100407051544,0.0030503653397317976,0.02245232008669215,-0.0013685850193724037
25,19,-0.017254990242266406,0.00517824201087933,-0.006220288596038396,0.022433232253145738,-0.01103470164622801
24,2,0.035094140524355076,0.013155613521424433,0.01931460600656768,0.02193852700293064,0.015779534517787398
17,4,-0.022051975689828397,-0.0001350545013944308,0.015533372356245915,0.021916921188433965,-0.037585348046074316
3,11,-0.002655142716442545,0.018990758364088832,-0.0026527886278927327,0.021645901080531375,-2.3540885498124324e-06
9,7,0.012040016241371632,0.033668599603697655,0.010164379033570488,0.021628583362326023,0.0018756372078011438
3,23,-0.011520352443524947,0.010088220541365444,-0.012640316706771652,0.02160857298489039,0.001119964263246705
8,0,0.0018532608441698055,-0.01967829754576087,0.00503126602464666,0.021531558389930677,-0.0031780051804768546
14,15,0.024981963533597686,0.003547030097494523,0.009810120727828083,0.021434933436103164,0.015171842805769603
9,8,-0.0054817693385606015,0.015411590381215015,-0.007326580009733638,0.020893359719775618,0.001844810671173036
11,18,-0.046455072797834875,-0.025584623962640763,-0.05398325075705846,0.02087044883519411,0.0075281779592235865
27,3,-0.013060489054381227,-0.033913943575074275,0.0014196430197140823,0.020853454520693048,-0.01448013207409531
15,2,0.019642313422324757,-0.0011926937537888687,-0.005900844097292672,0.020835007176113626,0.02554315751961743
6,19,0.0041447626140628325,0.024924563678602376,0.005039066453658355,0.020779801064539544,-0.0008943038395955224
27,14,0.06970587677011887,0.09044139018903176,0.047967237629927696,0.020735513418912888,0.021738639140191175
11,2,-0.0336700204682226,-0.012984496789673965,-0.02149339458361889,0.020685523678548638,-0.012176625884603713
18,3,0.06687318344290058,0.04627090607148906,0.02542574315642317,0.020602277371411522,0.04144744028647741
17,8,0.02945689586146424,0.008859684547254195,-0.04026163241748388,0.020597211314210044,0.06971852827894812
9,9,0.03649272738645474,0.057086202005545296,0.044600981978389125,0.020593474619090557,-0.008108254591934386
14,1,-0.03562569625598068,-0.015080260275863112,-0.0032316268033658465,0.020545435980117568,-0.03239406945261483
0,0,-0.01942209593641261,0.0010910520961867102,-0.019765952462330462,0.02051314803259932,0.00034385652591785096
31,7,-0.00175516235952576,0.018738401184479395,0.00608142384638389,0.020493563544005156,-0.00783658620590965
1,3,-0.009685539061320015,0.010724136846450467,-0.008604493712967572,0.020409675907770482,-0.0010810453483524433
5,6,-0.0010310387103042256,-0.02143728085793555,-0.0016207610974864413,0.020406242147631322,0.0005897223871822157
11,1,0.012404132721712813,-0.007986407137165467,0.0008752641617320478,0.02039053985887828,0.011528868559980764
27,8,0.03231665970136722,0.01201206548915555,0.03231836782457928,0.020304594212211667,-1.7081232120616519e-06
3,21,0.037590929741660756,0.017416479454065364,0.03995053117784361,0.020174450287595392,-0.0023596014361828566
4,22,-0.003758277566036365,0.016411670801850655,-0.009911250771256163,0.02016994836788702,0.006152973205219799
25,20,-0.015109135356033221,0.004992571626401817,-0.0011514079165256892,0.02010170698243504,-0.013957727439507532
29,6,0.014218835976983731,0.03431743746623397,0.024645996427473924,0.020098601489250238,-0.010427160450490193
20,10,0.017178109404630958,-0.002882550680078566,0.012719146678379426,0.020060660084709525,0.0044589627262515315
29,23,0.022151412993359067,0.002265293312181408,0.018009123186736056,0.01988611968117766,0.004142289806623012
9,11,0.027966955280862748,0.008107805515949924,0.03193610848102253,0.019859149764912824,-0.003969153200159784
20,19,-0.044861269555985926,-0.025322334747761487,-0.0006758894722831125,0.01953893480822444,-0.04418538008370281
20,2,0.006972719496116042,-0.012463559058960526,0.004601092931504051,0.01943627855507657,0.002371626564611991
8,18,0.0192818702198565,0.0002653210220159963,0.02161012062958131,0.019016549197840505,-0.00232825040972481
8,22,0.015559923128845791,0.034251232615982494,0.016808778563669573,0.018691309487136702,-0.0012488554348237813
8,12,-0.012921123707201332,0.005679162979746858,-0.02688110142480582,0.01860028668694819,0.013959977717604488
26,8,-0.012115775494991491,0.006472181901335717,-0.017547182897881916,0.01858795739632721,0.005431407402890425
20,18,-0.008866291120648384,0.009620452889551719,-0.04060321159971257,0.018486744010200104,0.031736920479064186
9,4,-0.05445049968548119,-0.036148242900768915,-0.04983763617152969,0.018302256784712277,-0.004612863513951501
20,6,-0.01945413063125064,-0.001330630952725187,-0.029136144400884707,0.018123499678525452,0.009682013769634068
28,8,-0.0066189469769597055,0.011424425803124905,-0.005549795335779587,0.01804337278008461,-0.0010691516411801185
19,16,0.0069744595248873035,0.02488954917838176,-0.07802114751345167,0.01791508965349446,0.08499560703833897
30,9,0.06396880871616303,0.04608849566429853,0.06066527670870225,0.0178803130518645,0.003303532007460787
20,21,-0.055457045789808035,-0.03768454133532941,-0.012303852546028792,0.017772504454478623,-0.04315319324377924
11,10,0.017451159578437608,0.03517596220287184,-0.0220220653534246,0.017724802624434235,0.03947322493186221
5,7,0.0007756290937929104,0.01846013335355868,0.000859612791100517,0.017684504259765768,-8.398369730760655e-05
12,11,0.004622765778913162,-0.012986975299039234,-0.012930404244495245,0.017609741077952396,0.017553170023408407
28,9,-0.012603005159568663,0.004984510693854342,-0.0019541890787271162,0.017587515853423004,-0.010648816080841547
30,13,-0.01794325585166613,-0.0005155292184402545,-0.024987100817573566,0.017427726633225876,0.007043844965907434
20,4,-0.020639488551144797,-0.03806041696419318,0.0035428422774809103,0.017420928413048386,-0.024182330828625708
24,12,0.021665746252983807,0.004314360536712533,0.0056242515022555985,0.017351385716271275,0.01604149475072821
13,1,-0.09141413705268255,-0.0741076972335577,0.0205007182356591,0.017306439819124844,-0.11191485528834165
22,9,0.005722394756351908,-0.011537278121492515,-0.003338951743595923,0.017259672877844422,0.009061346499947831
23,0,0.018378869882629562,0.0012424980212623873,-0.00021875502134207636,0.017136371861367176,0.018597624903971637
13,3,0.0152961994210879,-0.0018376849746952453,0.058264657265196244,0.017133884395783144,-0.04296845784410834
5,10,0.021664489997783677,0.03857399569824338,0.012665030969462048,0.016909505700459702,0.00899945902832163
18,12,0.00842347730261584,0.025209651639064152,-0.03519468236481771,0.01678617433644831,0.04361815966743355
9,5,0.13543355542545518,0.11896607112139464,0.023945447666725763,0.016467484304060545,0.11148810775872942
10,2,0.03842562773109724,0.0547744397384425,0.013982333475723863,0.01634881200734526,0.02444329425537338
30,21,0.011079257672342161,0.02737467996776104,0.02240977904681737,0.01629542229541888,-0.01133052137447521
29,9,0.002747912423607583,0.018992285748633247,0.04243163868474464,0.016244373325025666,-0.03968372626113705
10,3,0.025289992990049845,0.009195174785175671,0.013575902142717193,0.016094818204874174,0.011714090847332652
30,2,0.024073324674585214,0.040127402357757094,0.027300697526273628,0.01605407768317188,-0.0032273728516884134
17,22,0.011335918396556129,0.02734177482003967,-0.025984636620463183,0.016005856423483542,0.03732055501701931
21,7,0.04663258829774956,0.030732906718427936,0.03364901390547554,0.01589968157932162,0.012983574392274017
4,6,0.021464282763190567,0.005602295910163472,0.019333452102728188,0.015861986853027095,0.0021308306604623795
8,11,0.009589699128991925,-0.006134641678848614,0.005567304799721266,0.01572434080784054,0.004022394329270659
19,23,-0.009082610439509153,0.006623501679860056,-0.0025809085801787052,0.01570611211936921,-0.006501701859330447
31,17,-0.021850042464211582,-0.00629179859533906,-0.0181290986482054,0.015558243868872522,-0.0037209438160061836
20,8,0.02107226641383022,0.005552242269429067,0.018951065132083993,0.015520024144401151,0.0021212012817462267
17,20,-0.030829382703329127,-0.015319990397741397,-0.015673726447857916,0.015509392305587729,-0.01515565625547121
30,8,-0.0332632173007975,-0.04876405658821265,-0.03623545602895319,0.01550083928741515,0.0029722387281556906
18,11,-0.008312784511751185,-0.02369744979466001,-0.014548191709521537,0.015384665282908825,0.006235407197770352
27,12,0.00036345967091619966,-0.01486463270460566,0.014698776552298417,0.015228092375521859,-0.014335316881382218
13,14,0.06116374040332933,0.04593726660435398,-0.040540458463753266,0.015226473798975348,0.1017041988670826
23,5,0.004749082226771862,0.019915133730197945,0.0481878013156044,0.015166051503426084,-0.04343871908883254
7,21,-0.017564658052287997,-0.002459088790540894,-0.014749564117907236,0.015105569261747102,-0.0028150939343807614
28,22,-0.01882799353916198,-0.03392342562632014,0.0028124659312500928,0.015095432087158162,-0.02164045947041207
25,22,0.0032433241275915256,-0.011760329210665077,0.011761552989870932,0.015003653338256602,-0.008518228862279407
15,15,-0.004753350676037371,0.010240806181294223,0.0008358209471528729,0.014994156857331593,-0.005589171623190244
23,3,0.014786008434991041,-0.00015547174164870132,-0.005444287971962088,0.014941480176639743,0.02023029640695313
2,16,0.013144197825264806,0.027968344232067465,0.013695565597542252,0.014824146406802659,-0.0005513677722774456
30,10,-0.019559075132322808,-0.004735224061490347,0.030319186047806094,0.01482385107083246,-0.049878261180128905
19,8,-0.025538956366168954,-0.04032990590979656,-0.002797526854556054,0.014790949543627602,-0.022741429511612902
8,19,-0.011783103790367021,-0.026528736452261607,-0.0121315210077834,0.014745632661894586,0.0003484172174163785
24,9,0.012815681675177378,-0.0018609087526177367,0.0012947365913229683,0.014676590427795115,0.01152094508385441
5,19,-0.004247655572059254,0.010281022909718255,-0.0039048774546245114,0.014528678481777508,-0.00034277811743474223
6,10,-0.026865740151455004,-0.012451673644439628,-0.030465714912861586,0.014414066507015376,0.0035999747614065825
22,11,-0.01880459680299585,-0.004467687394935638,-0.003185854786230872,0.014336909408060212,-0.015618742016764978
13,8,-0.05516645369740824,-0.0694374638920029,-0.025839057785924525,0.014271010194594667,-0.029327395911483714
27,7,-0.020954683085437863,-0.006704702783220758,-0.03200778243481182,0.014249980302217104,0.011053099349373954
8,1,-0.03758363652353485,-0.023388920802002153,-0.03802233546351393,0.014194715721532698,0.00043869893997908194
17,14,0.030334796636210134,0.04442848622178038,-0.008382583124330267,0.014093689585570248,0.038717379760540405
6,11,0.017360908309152972,0.0032820001166934767,0.017651902538879462,0.014078908192459496,-0.0002909942297264906
11,17,0.014129565427235017,0.02816782599935929,0.037161579052917657,0.014038260572124274,-0.02303201362568264
2,1,0.009405692589158814,-0.0045447422637759395,0.009946921496884897,0.013950434852934753,-0.000541228907726083
11,6,0.10528647363341102,0.09157392103224993,-0.0837912188610062,0.013712552601161096,0.18907769249441722
27,6,0.005905305176080826,0.019445323540518682,0.017429368570446968,0.013540018364437856,-0.011524063394366141
23,8,-0.008327070284091556,0.005122683361211481,0.045812814077362415,0.013449753645303038,-0.05413988436145397
19,22,0.013059580124293764,0.026394123599554103,-0.0064321306301280854,0.013334543475260339,0.01949171075442185
0,8,-0.00773720087017864,0.005512574910729502,-0.008812723477603868,0.013249775780908142,0.001075522607425228
13,22,-0.01186640210216865,-0.02496089218572403,0.02764824581487725,0.013094490083555378,-0.0395146479170459
21,22,0.028591628997431447,0.04166004021341602,-0.022647952040036518,0.013068411215984576,0.051239581037467966
9,23,-0.0305894047797968,-0.017557160245875517,-0.03931143855055173,0.013032244533921284,0.008722033770754933
9,20,0.02277881760771076,0.009769585949834436,0.02243149442753444,0.013009231657876324,0.0003473231801763184
11,23,0.0279755598535606,0.015193927319099505,0.00921371777173287,0.012781632534461096,0.018761842081827733
26,5,0.003801527142059058,0.016564222262240948,0.04168879257437463,0.01276269512018189,-0.03788726543231557
7,5,0.013130417419597506,0.00040820234765609107,0.011438599958394965,0.012722215071941415,0.0016918174612025414
24,18,0.02012395936374863,0.007483083213446662,0.015473669511266053,0.012640876150301968,0.004650289852482576
24,23,-0.0011370266554877162,-0.013748880522325636,0.015082841089072948,0.01261185386683792,-0.016219867744560666
31,5,0.0434872061945498,0.03104134843063851,0.04728519320487976,0.01244585776391129,-0.0037979870103299618
5,23,0.01990313994077345,0.007550875404073547,0.02113792166734735,0.012352264536699901,-0.0012347817265739025
4,20,0.018403411493636668,0.030745253975813586,0.014301865384913981,0.012341842482176919,0.004101546108722686
6,22,0.002309350979824861,0.014615467765058081,0.0008522008662112057,0.012306116785233221,0.0014571501136136553
6,2,-0.01869533696056654,-0.006522772325358043,-0.016007361355392883,0.012172564635208497,-0.0026879756051736564
4,4,0.015069826932934424,0.0029203092718186477,0.01461289266590029,0.012149517661115775,0.0004569342670341335
1,14,-0.013212194790442784,-0.0011966626416930618,-0.01364752739512672,0.012015532148749723,0.0004353326046839367
19,5,0.02796469333892067,0.03993662344291806,-0.016775172064080836,0.01197193010399739,0.04473986540300151
12,0,0.03535334956056128,0.04724408695474267,0.010190268947432439,0.011890737394181394,0.025163080613128837
13,17,-0.056122463460390765,-0.06796205869565407,-0.09342279532769074,0.011839595235263303,0.037300331867299974
17,5,-0.016943171709620706,-0.028678388319288692,-0.013418985480287422,0.011735216609667986,-0.0035241862293332836
6,13,0.002189955790527165,-0.00953388872828024,-0.013161546646733769,0.011723844518807406,0.015351502437260934
17,11,-0.02203951625463863,-0.033692030748352406,-0.0114463022366787,0.011652514493713774,-0.010593214017959932
11,0,0.0011092855595052243,0.012732628841573994,0.001054719441647952,0.011623343282068769,5.456611785727237e-05
23,18,0.013548154969854901,0.0020403293000223737,0.010983418927450354,0.011507825669832527,0.0025647360424045466
10,7,0.006941066511596243,0.01842969786375761,-0.007995894939328233,0.011488631352161365,0.014936961450924477
2,22,-0.009057869628304616,0.002379495662171394,-0.010387098288629205,0.01143736529047601,0.0013292286603245884
19,12,-0.019639238288315635,-0.00829655445413664,-0.019096504662108296,0.011342683834178996,-0.0005427336262073396
30,7,0.022476894889647762,0.03381803696975112,0.06758827231048296,0.01134114208010336,-0.0451113774208352
26,16,-0.014630215882789344,-0.0037959506424764793,-0.032740629635130365,0.010834265240312864,0.01811041375234102
25,18,-0.0031691244036968175,0.007650141511112452,0.007200999629761403,0.01081926591480927,-0.01037012403345822
8,9,-0.04007792300544679,-0.0292899110664924,-0.038156680599786344,0.01078801193895439,-0.0019212424056604463
5,20,-0.03371847090311349,-0.023013798294899364,-0.035022022544095914,0.010704672608214123,0.0013035516409824269
13,20,0.12238657570754488,0.11173302823056777,0.006738719216082245,0.01065354747697711,0.11564785649146264
19,15,-0.020750540285371245,-0.03118051478328804,-0.031451037533891696,0.010429974497916796,0.01070049724852045
28,16,-0.004429671358472357,0.00588938056025654,0.022431242535822092,0.010319051918728898,-0.02686091389429445
11,3,0.016744605411076918,0.02701188533877333,0.01617725488031283,0.010267279927696413,0.0005673505307640866
1,20,0.0075674791490503894,-0.002538151148473844,0.007027494911259661,0.010105630297524234,0.0005399842377907284
16,16,0.000979773392706799,0.010876791326639552,-0.02914863022742793,0.009897017933932753,0.030128403620134726
23,13,0.0077706322491091365,-0.0020499170020533103,0.006931096557915832,0.009820549251162446,0.0008395356911933046
27,17,0.02116630602007111,0.011393534283464153,0.017645616313287368,0.009772771736606957,0.003520689706783743
9,12,-0.010155151668004691,-0.019921310928960642,-0.014507018200432261,0.009766159260955951,0.00435186653242757
24,13,-0.07032431045857569,-0.06060494557023048,-0.059855273870440824,0.009719364888345211,-0.010469036588134868
24,0,-0.001471043559528577,-0.01116965856247892,-0.011366445864162718,0.009698615002950344,0.009895402304634142
3,0,0.001966734618569414,0.011639487615320831,0.001302549863855044,0.009672752996751417,0.00066418475471437
30,1,-0.014205608567378174,-0.004557503303900982,-0.02856221852513651,0.009648105263477192,0.014356609957758337
5,16,0.003847018304319742,0.01346107090357691,0.003434780861910743,0.009614052599257168,0.00041223744240899895
23,7,0.017127787201510123,0.026667987539743383,0.020041126674429203,0.00954020033823326,-0.00291333947291908
10,23,0.0023181971356583137,-0.007126942878433813,0.00671624131500721,0.009445140014092128,-0.004398044179348896
25,7,0.0005592751549556851,-0.008855393862662216,-0.0014460678212344646,0.0094146690176179,0.00200534297619015
11,11,0.06490724948234856,0.07431568466126919,0.0932667545353373,0.009408435178920621,-0.02835950505298873
25,5,0.037909919454250485,0.04721999711667498,0.03184983750494818,0.009310077662424497,0.006060081949302305
23,21,0.010399254602574123,0.0011195698762700582,0.0029521415519411674,0.009279684726304065,0.007447113050632955
21,1,-0.011583752268537258,-0.002351312106475234,-0.04220764485265439,0.009232440162062023,0.03062389258411713
1,17,0.0029831780431171257,-0.006214598765169891,0.0006040986355704566,0.009197776808287017,0.0023790794075466692
15,0,-0.007939629237322757,0.0012277395270454386,-0.002749802478744338,0.009167368764368196,-0.005189826758578419
15,10,-0.009611854803127547,-0.0005458778934553266,-0.012225359814086309,0.00906597690967222,0.002613505010958762
1,15,-0.004969508903256307,0.0037250919248132657,-0.004821426031412557,0.008694600828069571,-0.00014808287184374987
4,15,-0.0030503349301094812,-0.01166208319288368,-0.006590168030622105,0.008611748262774199,0.003539833100512624
11,22,-0.004506441336707212,0.004088029104362552,0.0009524109492000814,0.008594470441069764,-0.005458852285907294
24,15,-0.00647886985000999,0.0020569555408049686,-0.01041443062616357,0.008535825390814959,0.003935560776153579
27,11,0.0005649297730997205,0.00907395953545347,-0.007343673764262348,0.008509029762353749,0.007908603537362068
16,2,0.03076772178368022,0.022327619791030883,-0.01438879936079805,0.008440101992649336,0.04515652114447827
17,15,-0.02731281901942566,-0.03573711584322155,-0.01596993478403116,0.008424296823795887,-0.0113428842353945
22,13,-0.003956870618276298,-0.012310379464179278,-0.026657299243379385,0.00835350884590298,0.02270042862510309
22,1,-0.05891093372677763,-0.06726204222068191,-0.012711815241103371,0.008351108493904282,-0.04619911848567426
6,21,0.0237774890071402,0.015428137515361111,0.02360035663781067,0.00834935149177909,0.00017713236932953222
11,14,0.00410360301223894,-0.004175915578768278,0.0019676021149886464,0.008279518591007218,0.0021360008972502935
8,15,-0.03387878211215138,-0.025629171294470628,-0.034680671718282007,0.008249610817680754,0.0008018896061306249
5,2,-0.001325967656642509,0.006861394106332834,-0.0008435852418188005,0.008187361762975343,-0.00048238241482370843
19,17,0.019241190507697563,0.027423858479596674,0.027098586501476046,0.008182667971899111,-0.007857395993778483
24,6,0.0018139523337595165,0.009992902908318986,0.006908151949755847,0.008178950574559469,-0.005094199615996331
28,11,0.006123469323695948,-0.0020550133117164175,-0.008738769018479312,0.008178482635412366,0.01486223834217526
4,23,0.046176295184219875,0.03806586960951487,0.04481792035512626,0.008110425574705003,0.0013583748290936157
0,10,0.0008838721318170428,-0.007148530245952619,-0.0013760717226735627,0.008032402377769662,0.0022599438544906054
28,6,0.011752961482852698,0.003735661351432403,0.003224128003542622,0.008017300131420295,0.008528833479310076
2,3,0.010574852613111337,0.018553459745210905,0.011024185980204493,0.007978607132099568,-0.0004493333670931559
24,16,0.0040017136450236045,-0.003951494347711559,0.0037883084335286793,0.007953207992735164,0.00021340521149492515
26,4,0.003874642716255039,0.011731307565545043,0.0018366727434719601,0.007856664849290004,0.0020379699727830786
22,5,0.015292121757132312,0.00745347720803693,0.003537310017660881,0.007838644549095383,0.01175481173947143
1,2,-0.015265119223234555,-0.007453367133469631,-0.015470388011696439,0.007811752089764924,0.0002052687884618841
5,21,0.005151419139777621,0.012951242450314263,0.004996461898554116,0.007799823310536642,0.00015495724122350455
11,19,0.00043973761106220387,0.008188790725156044,0.0014014575281180441,0.00774905311409384,-0.0009617199170558403
21,8,0.014653075874472657,0.006915916157110283,0.013554379041306675,0.007737159717362374,0.001098696833165982
7,1,-0.0031180382221161077,-0.010852935980074108,-0.0016913618077524007,0.007734897757958,-0.001426676414363707
19,10,0.004849782063198897,-0.002879204375979801,-0.005941878697194624,0.007728986439178698,0.01079166076039352
5,11,-0.0030546641869780918,0.004626230942085386,-0.026033443096093834,0.007680895129063477,0.022978778909115743
14,14,0.003308955820587774,0.010976873027781645,0.00877012056686605,0.007667917207193871,-0.005461164746278276
3,2,0.011872435609499613,0.00426106620579958,0.01158973240138342,0.007611369403700033,0.00028270320811619315
24,4,-0.004415855122109254,-0.011980762262828648,0.028310599775674444,0.0075649071407193945,-0.0327264548977837
28,1,0.014383509143954143,0.021944267318273585,0.015036199082775663,0.007560758174319442,-0.0006526899388215202
18,2,0.013619254459626973,0.006058575515635311,0.007905054356281955,0.007560678943991661,0.0057142001033450174
1,21,-0.016140195614813516,-0.008590031147468835,-0.016163349039076517,0.00755016446734468,2.3153424263001182e-05
17,18,-0.015508827955151598,-0.007973509429333111,-0.014325621413687865,0.007535318525818487,-0.0011832065414637324
5,22,-0.004728375617802764,-0.012210329094280799,-0.004740356774224589,0.007481953476478035,1.1981156421825463e-05
12,3,-0.00313560419017449,0.004269472350521634,-0.004812621115706861,0.007405076540696124,0.0016770169255323712
1,4,-0.011442707440194985,-0.004169062579361101,-0.012323497422039508,0.0072736448608338835,0.000880789981844524
21,19,-0.04607100933790207,-0.03883122382685542,-0.028372407200125356,0.007239785511046648,-0.017698602137776714
29,21,0.036923628246101244,0.0441071723587811,0.030739021437087406,0.0071835441126798585,0.006184606809013837
20,5,0.007018502437858842,0.014189701760187745,-0.011639378122830142,0.007171199322328903,0.018657880560688983
8,7,-0.03328593553354343,-0.026158404940118393,-0.037319481302984056,0.007127530593425035,0.004033545769440629
5,8,0.020931468081350126,0.028044421536227066,0.02302450070468088,0.00711295345487694,-0.002093032623330753
23,17,0.010868915403261781,0.00376402740754808,0.0023374144686385987,0.007104887995713701,0.008531500934623182
7,6,-0.019592535239644347,-0.012517456671533485,-0.020545214818169674,0.0070750785681108624,0.0009526795785253263
21,0,0.004429901547458333,0.011280562199438767,0.007631452676529686,0.006850660651980434,-0.003201551129071353
30,18,-0.061011245505263406,-0.054273675102740525,-0.060592085712899764,0.006737570402522881,-0.00041915979236364226
20,17,-0.015404493881699939,-0.008708649734035134,-0.014372305498303225,0.006695844147664805,-0.0010321883833967135
29,20,-0.0537101450531433,-0.04706151494756341,0.12131389227385322,0.006648630105579895,-0.17502403732699653
7,4,0.01361233190788577,0.007034022236863772,0.00857732022413984,0.0065783096710219984,0.00503501168374593
15,17,0.01062060887828314,0.0042674790718592705,0.011475736319941159,0.00635312980642387,-0.0008551274416580181
4,18,-0.004068785251001827,0.00217487461050041,-0.003944565032725222,0.006243659861502237,-0.00012422021827660466
7,20,-0.04307722118683159,-0.03683781603661676,-0.04639959457951288,0.00623940515021483,0.003322373392681287
7,22,-0.009905635154185195,-0.016086850524879993,-0.010077022450665633,0.006181215370694798,0.0001713872964804377
25,11,-0.01112287249416113,-0.005069063301198185,-0.0027919917794254918,0.0060538091929629445,-0.008330880714735638
23,4,0.014782279594025264,0.00874144711609309,0.00854880599072203,0.006040832477932174,0.0062334736033032336
11,15,0.006424692428360383,0.01244026526886349,-0.0503399897677203,0.006015572840503107,0.05676468219608068
0,14,-0.011194030044134707,-0.005181887240420717,-0.010613691098600005,0.00601214280371399,-0.0005803389455347023
31,2,-0.08079232865323623,-0.07478968501091003,-0.04923273759583632,0.006002643642326194,-0.0315595910573999
28,7,-0.007353807023415963,-0.0014373634165773788,0.011226927706350883,0.005916443606838584,-0.018580734729766846
8,21,-0.05932667222805321,-0.05341589711606502,-0.05162231394400199,0.00591077511198819,-0.0077043582840512215
29,8,-0.02348456548837324,-0.02932210920068125,-0.03999240591656417,0.005837543712308008,0.016507840428190926
26,18,-0.0009820635217086722,-0.006804184538001815,-0.0015291140094632282,0.0058221210162931435,0.000547050487754556
27,1,0.18851771376406154,0.1827125195413828,0.04396980637296413,0.00580519422267875,0.1445479073910974
18,8,-0.06414930345490574,-0.05840092512468497,-0.05680548750096932,0.005748378330220773,-0.0073438159539364195
7,23,0.00024478807075259585,-0.005449066609920313,-0.006581237287415813,0.005693854680672909,0.0068260253581684084
5,0,0.00482492739877974,0.010423055155357967,0.00538612148957327,0.005598127756578227,-0.0005611940907935299
6,6,0.0050179086848705385,-0.0005345400432512786,0.004856876873236615,0.005552448728121817,0.0001610318116339231
15,8,0.00880057448327231,0.0032776578639944396,-0.00672625994872457,0.0055229166192778695,0.015526834431996879
10,10,0.01678738498594612,0.011265949501345554,0.007176045572850853,0.005521435484600564,0.009611339413095266
24,14,-0.012196277815382928,-0.017655763876003525,-0.01795564326457679,0.005459486060620597,0.005759365449193863
7,10,-0.00539157561919031,-4.329962539486587e-05,-0.0056375826728375005,0.005348275993795444,0.00024600705364719033
3,9,0.01262206802299867,0.01790483339379231,0.012952612390896926,0.005282765370793639,-0.0003305443678982556
1,9,0.006037796248953479,0.0007649981174229955,0.006055882753571495,0.005272798131530484,-1.8086504618016266e-05
3,7,-0.0020878898057465753,0.0031834731441146382,-0.0016834075242513791,0.005271362949861214,-0.00040448228149519614
9,13,-0.009635060451303919,-0.014894360552231471,-0.007943525562101665,0.0052593001009275525,-0.0016915348892022532
28,2,0.01749464050711443,0.022731825321291883,0.01811507500630493,0.0052371848141774535,-0.000620434499190501
26,21,0.005820581254859765,0.011042307193080584,0.011030589522367034,0.005221725938220819,-0.005210008267507268
2,15,0.0026812575563477975,-0.0023529015646393723,0.0025771356905655313,0.00503415912098717,0.00010412186578226618
4,17,0.0232321116530026,0.018234755525675914,0.02266631032495449,0.004997356127326685,0.0005658013280481107
4,13,-0.0010595902587131909,-0.0060463290331729995,-0.0006724354325948904,0.004986738774459809,-0.0003871548261183004
2,12,-0.012977041707684597,-0.017883275519125164,-0.0136428571655415,0.004906233811440567,0.0006658154578569036
3,17,0.0024557898851829425,-0.00241562260974509,0.0025860512342963677,0.004871412494928033,-0.00013026134911342524
3,15,-0.0016379000910092146,0.0032055268025336166,-0.001414331941244503,0.004843426893542831,-0.00022356814976471164
0,13,0.004532536094969449,-0.0003014646218313525,0.003818024490222645,0.004834000716800802,0.000714511604746804
26,23,0.02745305929953853,0.022630856822555265,-0.015481342441247156,0.0048222024769832665,0.04293440174078569
5,13,0.0021753116995872307,0.006889184350923946,0.0019368267947963127,0.004713872651336715,0.00023848490479091793
7,8,-0.0017950469928715998,0.0028968191734747963,-0.0004730294516775757,0.004691866166346396,-0.001322017541194024
23,15,0.010260192366937796,0.014937965913365285,0.007799274947804709,0.00467777354642749,0.0024609174191330867
0,23,0.004249038853837798,-0.0004101284512823137,0.004320413893825995,0.004659167305120112,-7.137503998819704e-05
3,10,0.0006454657714736338,0.0052980344897756975,0.00018366039827621232,0.004652568718302064,0.00046180537319742145
8,20,-0.01453386654611677,-0.009928064116199191,-0.02028869401353101,0.004605802429917578,0.00575482746741424
6,1,-0.004935547306376975,-0.00035889438004232943,-0.005452847515698522,0.004576652926334646,0.0005173002093215471
13,18,0.05791364641239246,0.06244214133669933,-0.006154808858021473,0.004528494924306868,0.06406845527041394
23,6,-0.006533598214931166,-0.0020616259969150025,-0.005050186566465224,0.0044719722180161636,-0.001483411648465942
13,11,0.00040408342708057415,0.004828293270353849,-0.00027112630875005076,0.004424209843273274,0.0006752097358306249
7,15,-0.0027892189701863874,-0.007154694777758171,-0.002706272246238465,0.0043654758075717835,-8.294672394792242e-05
4,19,0.003623101818569315,-0.0007067431249500563,-0.0011273778133424155,0.004329844943519371,0.004750479631911731
27,21,-0.006833361699439895,-0.002528730944807952,-0.0025688748651494582,0.004304630754631944,-0.004264486834290437
4,11,0.0020072330507294586,-0.0022853970353025944,-0.00019206354239334662,0.004292630086032053,0.002199296593122805
4,7,-0.0022860988741740585,-0.006561252261356761,-0.00167438555508852,0.004275153387182703,-0.0006117133190855384
2,17,-0.007912735280115157,-0.003684989446386074,-0.007936781439154099,0.004227745833729084,2.4046159038941528e-05
2,21,0.004815051037197312,0.0006274802183421949,0.0050030572592125585,0.004187570818855117,-0.00018800622201524658
6,18,-0.02170798146786789,-0.02588521709355215,-0.02328606735294064,0.004177235625684259,0.0015780858850727476
0,19,0.03515591191438337,0.039321609679609536,0.03568873822999497,0.004165697765226163,-0.0005328263156115995
1,10,0.0005483789641099672,0.004711471290405219,-0.0003197217350437616,0.004163092326295251,0.0008681006991537287
31,0,-0.12775583248585462,-0.13191410042345525,-0.14282852181543906,0.004158267937600629,0.015072689329584443
17,16,0.040153245581313966,0.036031808052212,0.037191158781449,0.004121437529101969,0.0029620867998649686
31,1,-0.2155360552171866,-0.21142562242845694,-0.20696812123060226,0.004110432788729662,-0.008567933986584342
24,22,-0.0042483181023271754,-0.0001410519607209911,0.0018767702373831223,0.004107266141606184,-0.006125088339710298
30,15,-0.04341324982233345,-0.04750220002606511,-0.038210349079842366,0.0040889502037316575,-0.005202900742491086
1,1,0.0007997496364017327,0.004745915167344113,6.873593665659427e-05,0.00394616553094238,0.0007310136997451384
12,7,0.028892793964284163,0.024956886873890957,-0.006834570110853141,0.003935907090393206,0.035727364075137304
7,2,0.031248297565616666,0.027329975692555308,0.03502101132956644,0.003918321873061358,-0.0037727137639497754
2,10,0.011100072091600547,0.007217451452743262,0.010208840377163141,0.0038826206388572855,0.0008912317144374061
11,5,-0.013017019491720324,-0.009179249943311636,-0.008679071696436343,0.003837769548408688,-0.004337947795283981
2,2,0.01082410461967811,0.014625500546147426,0.010943665456337234,0.0038013959264693153,-0.00011956083665912338
25,14,-0.010921508277533576,-0.007122980162966997,-0.008305451095414659,0.003798528114566579,-0.002616057182118917
6,8,-0.0018753929995000362,-0.005659676316039016,-0.0016700494685210287,0.0037842833165389798,-0.00020534353097900748
28,23,0.007169048446424616,0.01093964382307604,0.018986298725940286,0.0037705953766514243,-0.011817250279515669
10,21,-0.05744498126829664,-0.05368758517627915,-0.05168362588932117,0.003757396092017494,-0.005761355378975472
1,22,-0.002362967229176623,0.001372242773262163,-0.002783113567663046,0.0037352100024387862,0.00042014633848642307
10,18,-0.028326150169596075,-0.024628271643693248,-0.02567614718961219,0.0036978785259028264,-0.0026500029799838842
3,8,-0.0021262506081257014,-0.005819070265473177,-0.00164968534760798,0.003692819657347476,-0.0004765652605177213
19,13,-0.002141000710738202,0.0015063724014908076,0.010384977207286284,0.0036473731122290097,-0.012525977918024485
24,11,-0.01299440482010444,-0.016600514218832057,-0.011435095213043193,0.0036061093987276166,-0.0015593096070612468
11,21,0.034220461753041796,0.030650341277942063,-0.004139160829557416,0.0035701204750997334,0.038359622582599215
6,16,0.0011348248507905131,0.00470444574020803,0.0006230942090041935,0.003569620889417517,0.0005117306417863196
7,14,0.0017956672391543785,0.005306129103216032,0.0019305291828156138,0.0035104618640616533,-0.00013486194366123532
29,4,0.046225381440793474,0.04276722486441334,0.024345943042620395,0.003458156576380135,0.02187943839817308
0,5,-0.0038655905964939544,-0.00731366151982608,-0.004380587792062822,0.0034480709233321253,0.0005149971955688672
3,12,-0.0035228291254801054,-8.455009459188053e-05,-0.0039871185421361584,0.003438279030888225,0.0004642894166560531
6,23,-0.009533808304695413,-0.006125784217147157,-0.009991474053822457,0.003408024087548256,0.0004576657491270446
18,16,0.00948896908084862,0.006082722641682873,0.008029166026972234,0.0034062464391657462,0.001459803053876385
1,6,-0.00893209403924023,-0.005554943081612388,-0.009312531107570975,0.0033771509576278422,0.00038043706833074467
8,23,0.00781463814394859,0.011172552627976983,-0.0027161913497063023,0.003357914484028394,0.010530829493654892
4,5,-0.0031400911640957927,-0.006492754603580882,-0.004476503966725431,0.0033526634394850895,0.0013364128026296385
19,14,0.008525139225336412,0.005187933275010437,0.006427590320042024,0.0033372059503259752,0.0020975489052943884
3,13,0.008016746471791217,0.004723682048885773,0.008347065766186764,0.0032930644229054442,-0.00033031929439554693
5,12,-0.015783977205865087,-0.012548612399647633,-0.015679449269858498,0.003235364806217453,-0.0001045279360065883
5,18,-0.006930714005526776,-0.003743680545206492,-0.007036955280151839,0.003187033460320284,0.00010624127462506312
3,16,0.012122467889760931,0.015274984754311542,0.012143056129571051,0.003152516864550611,-2.0588239810119882e-05
24,17,0.004592503432650119,0.0014799397671595217,-0.018876600761238174,0.0031125636654905976,0.023469104193888292
6,14,-0.0026191630080575124,-0.005722497172731285,-0.004773454860939334,0.0031033341646737726,0.002154291852881821
2,7,-0.04007718103627364,-0.03697797272664805,-0.03915073686900238,0.003099208309625588,-0.0009264441672712578
1,8,-0.00562046082438125,-0.0025515055322709182,-0.006236859687487595,0.0030689552921103315,0.0006163988631063448
7,17,-0.005869743227958679,-0.0028603915649000554,-0.007841525257875522,0.0030093516630586236,0.0019717820299168425
2,20,0.004973991189035587,0.007965877002182728,0.004799313774371209,0.0029918858131471405,0.00017467741466437817
25,6,-0.018717242249598105,-0.015740821914126474,-0.014052516788554688,0.00297642033547163,-0.004664725461043417
1,5,0.014663932337619675,0.017590161063708365,0.012332607504019204,0.0029262287260886904,0.002331324833600471
24,10,0.0012003908690530808,0.004082873636313404,0.005872638125826294,0.002882482767260323,-0.004672247256773213
2,8,0.004338996685692109,0.0014646760340838228,0.004729728091236515,0.0028743206516082865,-0.0003907314055444054
8,6,0.07238671770319342,0.07523946731040874,0.03578520556911826,0.0028527496072153213,0.03660151213407516
21,14,-0.01273830771485033,-0.009966106984453897,-0.012562914328494419,0.0027722007303964333,-0.00017539338635591192
1,16,0.005896163935540244,0.003178194852080196,0.00517505881919836,0.0027179690834600477,0.0007211051163418837
14,5,0.014451839569179963,0.011797485019390782,0.011228224814597827,0.0026543545497891806,0.003223614754582136
26,15,-0.007061968999914825,-0.004491693060845137,-0.006033187146143367,0.002570275939069688,-0.0010287818537714575
1,23,-0.0009748255567198308,0.0015753647370729596,-0.0007258399966910171,0.0025501902937927904,-0.00024898556002881376
1,7,0.005851471524996062,0.003304539405507967,0.005958280658038954,0.0025469321194880948,-0.00010680913304289205
23,19,-0.02169179014551143,-0.01921175541356206,-0.02286508441902697,0.002480034731949368,0.0011732942735155419
0,1,-0.002570960531011224,-9.1081172771131e-05,-0.002509639119186128,0.002479879358240093,-6.132141182509576e-05
5,14,-0.001767360290978104,0.0007111269088151555,-0.0012182504869997501,0.0024784871997932593,-0.0005491098039783538
7,12,-0.0025330581678038775,-7.395819411613048e-05,-0.002257904644163015,0.002459099973687747,-0.00027515352364086264
7,0,0.02942191861414661,0.03187136063352227,0.041148693587941425,0.0024494420193756604,-0.011726774973794814
3,14,0.004590023592754733,0.002146171599936982,0.004628303834275964,0.0024438519928177507,-3.828024152123088e-05
23,2,0.013457760106151302,0.015865299617871642,-0.025771621723348896,0.00240753951172034,0.0392293818295002
27,23,-0.006178779512022932,-0.0037910065031610428,-0.006508044747170061,0.0023877730088618897,0.0003292652351471288
4,12,-0.00223380642637494,0.0001525883834498624,-0.002097593848884571,0.0023863948098248027,-0.00013621257749036903
20,16,0.02705162561809023,0.02467393895300726,0.024154391388098398,0.0023776866650829717,0.002897234229991833
7,13,8.849733276292682e-05,-0.0022653946458982923,0.00014703082075963417,0.0023538919786612192,-5.853348799670735e-05
22,23,-0.0017693306047779818,0.0005465562028499941,-0.005331634980393574,0.002315886807627976,0.003562304375615592
2,9,0.000352825732746472,0.002662444954815631,-0.0003776850401967143,0.002309619222069159,0.0007305107729431862
6,3,-0.0010858857722875351,-0.003355238833076631,-0.0003200315938253577,0.002269353060789096,-0.0007658541784621774
27,4,0.0031832950558358182,0.000922998966416344,0.005839730721587936,0.002260296089419474,-0.0026564356657521175
12,19,-0.047024474448213976,-0.04928465963651737,-0.04406970242659251,0.0022601851883033916,-0.00295477202162147
12,4,0.004154978147319828,0.0019030820733557145,-0.0006862208771053702,0.002251896073964114,0.004841199024425199
6,17,-0.00430763311451301,-0.002071244640198226,-0.00463100794586353,0.0022363884743147842,0.0003233748313505201
29,13,0.0357675978836293,0.0335696953193595,0.007523959584068507,0.002197902564269799,0.028243638299560794
6,15,0.0036408250501456982,0.005830614571459591,0.0037913803913397714,0.002189789521313893,-0.00015055534119407313
31,21,0.07490202877670527,0.07707349695265293,0.08079506090531746,0.002171468175947669,-0.005893032128612197
27,15,0.004470123724604491,0.0023069957853294907,-0.0044444030907470735,0.0021631279392750006,0.008914526815351565
0,12,-0.004012492851082546,-0.0018607528909342363,-0.0020060654778111106,0.0021517399601483096,-0.0020064273732714353
10,1,-0.006631461705546826,-0.008757933566812426,-0.0047369823247815175,0.0021264718612656,-0.0018944793807653083
4,8,-0.0050285990922323736,-0.00712976542999968,-0.005083392276234614,0.002101166337767306,5.479318400224056e-05
1,19,-0.006220408171066083,-0.008317700040061026,-0.0053586879240659375,0.002097291868994943,-0.0008617202470001459
30,0,0.023287228669505566,0.02531222098817428,0.0315734003088437,0.0020249923186687127,-0.008286171639338136
21,11,0.0027637140088093777,0.004787621354140962,0.0011585916314894955,0.002023907345331584,0.0016051223773198822
30,4,-0.008863008841096113,-0.00690803830511868,-0.02095971304612855,0.001954970535977433,0.012096704205032437
6,12,-0.01019699324388057,-0.008247166355916609,-0.009755500126630068,0.001949826887963961,-0.0004414931172505021
6,20,0.033153758539507784,0.0350893145116667,0.03456536354497075,0.0019355559721589144,-0.0014116050054629667
3,18,-0.004457920296893765,-0.0025574138582063217,-0.004980010126018897,0.0019005064386874437,0.0005220898291251313
29,7,-0.0062535286725809176,-0.004409961022126178,-0.02182464792082707,0.0018435676504547395,0.015571119248246152
4,1,-0.007846468100615312,-0.009683112474158406,-0.007947305436634149,0.0018366443735430941,0.00010083733601883721
1,13,0.004644362016794427,0.0028715859555328888,0.0043554284517692094,0.0017727760612615382,0.0002889335650252175
18,17,0.01329274932310606,0.015057052594299118,0.00730102975309516,0.0017643032711930576,0.005991719570010901
2,13,-0.011209168878849596,-0.009459402710975458,-0.011734821759940435,0.001749766167874138,0.0005256528810908389
0,22,-0.0018160984453667575,-0.003564196561152736,-0.0021222469590914746,0.0017480981157859787,0.0003061485137247171
10,20,0.01944342478721713,0.017750796404046316,-0.015286045238220443,0.0016926283831708126,0.034729470025437574
4,14,-0.00915029508760199,-0.007472548870525012,-0.009118093669045872,0.001677746217076977,-3.220141855611765e-05
12,5,-0.02102505899189661,-0.019383764802478255,-0.014729587473751356,0.001641294189418354,-0.006295471518145253
17,19,0.030738055700203402,0.0291069557890296,-0.015480101112431536,0.0016310999111738035,0.04621815681263494
2,4,0.009586360421963036,0.007964555436046794,0.00981098641641438,0.001621804985916242,-0.00022462599445134332
6,5,0.02465621951268986,0.026270805516590674,0.015009787145148341,0.0016145860039008149,0.009646432367541518
6,4,-0.002867215594354396,-0.004463878355454654,-0.0024630494862018775,0.0015966627611002575,-0.0004041661081525187
7,16,-0.026888648699969053,-0.02529733255505562,-0.027206213539466263,0.0015913161449134343,0.0003175648394972107
17,21,0.022385813156142832,0.020840643051390845,0.02317419593843321,0.0015451701047519868,-0.000788382782290379
10,12,-0.018767181706304353,-0.017244613884637754,-0.01755117312228928,0.0015225678216665983,-0.0012160085840150735
1,0,0.008714100943567853,0.007297517339854191,0.008926732488907874,0.0014165836037136623,-0.000212631545340021
3,3,-0.0005934822761143248,0.0007660003437194973,0.0013188029949863752,0.001359482619833822,-0.0019122852711007
22,20,0.008769707862908642,0.0074148813417802256,0.008652284392155707,0.0013548265211284164,0.00011742347075293508
28,10,-0.003763858131909122,-0.005117027678837379,-0.014515447321658333,0.001353169546928257,0.01075158918974921
4,10,-0.0020474404213018716,-0.0033772777649573983,-0.0014785506840174396,0.0013298373436555267,-0.000568889737284432
2,11,0.001117940287804231,-0.000201321622201552,0.0016131759252554427,0.001319261910005783,-0.0004952356374512117
4,9,-7.497566208864252e-05,0.0012419920734828339,0.00036228641498989116,0.0013169677355714764,-0.00043726207707853366
0,20,0.019341315453251202,0.0180279234269013,0.01944399148536225,0.0013133920263499015,-0.00010267603211104939
2,6,0.006189218487512941,0.004907611722592265,0.005983844127816458,0.0012816067649206765,0.00020537435969648302
20,3,-0.0012291484124337634,-8.449812109271685e-06,-0.006180204877940317,0.0012206986003244916,0.004951056465506553
3,4,0.005525045320003604,0.004320342757273466,0.005182209577954685,0.0012047025627301379,0.0003428357420489185
5,15,0.007541197922546416,0.006343812662332009,0.0051244155542614555,0.0011973852602144078,0.002416782368284961
0,6,0.005362436493548254,0.00420655106427148,0.005657390367317324,0.0011558854292767744,-0.0002949538737690698
7,7,0.009344381101739904,0.00819204788034161,0.009407670023695877,0.001152333221398294,-6.328892195597326e-05
3,20,0.018637988320551812,0.01751482832090308,0.01825220664807906,0.0011231599996487304,0.0003857816724727528
21,16,0.0011122547196767603,1.6553168340275685e-05,-0.003288629880019774,0.0010957015513364846,0.0044008845996965345
16,8,-0.004171134135685861,-0.003075454399610559,-0.0012929896746451655,0.0010956797360753018,-0.0028781444610406952
5,3,-0.0541204162252446,-0.05516231913740436,-0.05443615873033802,0.0010419029121597617,0.0003157425050934193
6,9,0.024506292887963355,0.025540531830241284,0.02535071469998608,0.0010342389422779291,-0.0008444218120227248
3,22,0.02992307310923934,0.02893732424514989,0.030615035126296184,0.0009857488640894509,-0.0006919620170568429
28,14,0.0012900140854374817,0.0022287292949234446,0.009444268490187823,0.000938715209485963,-0.00815425440475034
4,21,-0.0011514114759241542,-0.0020808784713153726,-0.000886884118275096,0.0009294669953912183,-0.00026452735764905823
3,5,0.0002943653302888075,-0.0006197180812402318,0.0002115715765588296,0.0009140834115290394,8.279375372997793e-05
2,0,-0.001166061169836515,-0.0020712350344789837,-0.000540341298134687,0.0009051738646424687,-0.000625719871701828
4,16,0.005858220683876425,0.0067506830906495455,0.005903115858867144,0.0008924624067731205,-4.489517499071862e-05
1,11,0.009780505677917972,0.010624193625214199,0.01130421004878978,0.0008436879472962268,-0.001523704370871808
20,12,-0.006008462872705423,-0.0068369170903073,-0.0559248187734435,0.0008284542176018777,0.04991635590073808
11,16,-0.00011816447755942742,-0.0009199196783204873,0.0005483217188157141,0.0008017552007610598,-0.0006664861963751416
24,3,-0.0025619723465448866,-0.0033344872140636046,-0.007602837654606749,0.0007725148675187181,0.005040865308061863
15,6,-0.0055230401951121165,-0.006275663641281426,-0.009661738753008346,0.0007526234461693098,0.00413869855789623
9,1,-0.013288877370844906,-0.014038647501729428,-0.019128089037258177,0.0007497701308845223,0.0058392116664132705
0,3,0.0022171151848548714,0.002950726633328789,0.0031040543040338282,0.0007336114484739176,-0.0008869391191789569
7,3,-0.021253031744466473,-0.02052815497542421,-0.014037939382251351,0.0007248767690422632,-0.007215092362215122
0,21,0.004593476161729389,0.005306624217579762,0.004741071900934912,0.0007131480558503723,-0.00014759573920552268
26,20,-0.017617356327051917,-0.018324586004018782,-0.01324590528383851,0.0007072296769668647,-0.004371451043213407
11,7,-0.041921740118414166,-0.04122719177976251,-0.049209851088623205,0.0006945483386516585,0.0072881109702090385
0,18,0.03502113623544574,0.03433909829085072,0.035448270725707214,0.0006820379445950236,-0.00042713449026147293
9,15,-0.00498595131696978,-0.004313455904290701,-0.004453628873064493,0.0006724954126790788,-0.0005323224439052867
0,4,0.005196573243786891,0.0045318980157996215,0.004990736546460539,0.0006646752279872697,0.00020583669732635208
5,1,0.016785630451825757,0.016170841959925988,0.016918126470409335,0.000614788491899769,-0.00013249601858357843
4,0,0.0003256731647221992,-0.0002440300445111158,0.0002585243341551783,0.000569703209233315,6.714883056702092e-05
2,14,0.008557500672759488,0.008009308623149991,0.00865759455676501,0.0005481920496094965,-0.00010009388400552231
0,7,-0.0018594523940312986,-0.0023989790410269053,-0.0019246680332192531,0.0005395266469956066,6.52156391879545e-05
3,6,0.0031106034502348242,0.0025811765207132947,0.0011503518743362898,0.0005294269295215296,0.0019602515758985343
7,11,-0.002963940364619096,-0.002441199185947577,-0.0034346418901501845,0.0005227411786715192,0.0004707015255310883
4,2,0.006294429610716179,0.006799740002801021,0.006533699007316803,0.0005053103920848422,-0.00023926939660062416
2,19,0.00607003279728815,0.00652970636729151,0.006194030732149258,0.00045967357000336034,-0.0001239979348611085
3,1,0.0016490398656363444,0.0020664980896981434,0.0016263614491132709,0.00041745822406179895,2.2678416523073562e-05
26,17,-0.0378806929414471,-0.03748103128746152,-0.0407098357565701,0.0003996616539855835,0.0028291428151229966
13,10,0.0071414182214842485,0.006746626342646778,-0.0010284576196378718,0.0003947918788374709,0.00816987584112212
29,14,-0.0010277363355271519,-0.0013865358429029583,0.011762804728156577,0.00035879950737580644,-0.01279054106368373
8,17,-0.0340884127188474,-0.03441862893911699,-0.037655386188998816,0.00033021622026959546,0.003566973470151419
25,3,0.027023167178655664,0.02671761866658926,0.02690462179792424,0.0003055485120664024,0.00011854538073142323
21,10,0.017057140361672888,0.017347729679507515,-0.01347593188014192,0.0002905893178346275,0.030533072241814806
0,17,0.00023973198258318008,0.000519488651965124,0.00025197699627218145,0.0002797566693819439,-1.2245013689001378e-05
31,3,-0.009020700771361589,-0.009295197421063979,-0.009667422746618588,0.0002744966497023899,0.0006467219752569996
0,11,-0.00939440291840583,-0.009120330998363594,-0.009499477711506188,0.00027407192004223584,0.0001050747931003581
23,12,-0.00018147088897724946,-0.00044849480812748276,0.00027261412566682944,0.00026702391915023327,-0.00045408501464407893
0,16,-0.0007767677190713585,-0.0010410284099634736,-0.0007930377672892064,0.0002642606908921151,1.6270048217847878e-05
1,12,0.002069422161245408,0.001806330680847168,0.0019628368521807716,0.0002630914803982401,0.00010658530906463648
2,18,-1.0493125106828908e-05,-0.00027328634654016546,2.9180513229221107e-05,0.00026279322143333655,-3.967363833605002e-05
19,9,0.013241508657423158,0.013488648397227129,0.015779798159686227,0.0002471397398039702,-0.002538289502263069
28,12,-0.0018764427009349068,-0.002114013201207854,-0.0034809974264741563,0.00023757050027294708,0.0016045547255392496
7,9,-0.0050422687044677636,-0.004815591510850936,-0.005210871862558027,0.0002266771936168272,0.00016860315809026378
1,18,0.005157045924473399,0.005373534383640314,0.004639416549374194,0.00021648845916691535,0.0005176293750992047
5,17,-0.005842403357382864,-0.006035646412055939,-0.005932168270616481,0.00019324305467307516,8.976491323361719e-05
12,10,-0.037689590007842826,-0.0378803927761813,-0.03873688887494306,0.00019080276833847304,0.001047298867100234
28,3,0.025066939167057475,0.025159065145999193,0.03403957542032003,9.212597894171781e-05,-0.008972636253262556
0,9,-0.0030234399950131775,-0.002934798210238417,-0.003059103425281743,8.864178477476035e-05,3.566343026856558e-05
0,15,0.0024932815499293308,0.002547573848278262,0.002523981366539374,5.429229834893112e-05,-3.069981661004339e-05
0,2,0.0010125838297729691,0.0010437753788816431,0.0010198641762447854,3.119154910867397e-05,-7.280346471816215e-06
19,21,0.009041351499035954,0.009056985514083257,0.023986702691763638,1.5634015047302427e-05,-0.014945351192727684
